{"log_best_programs": true, "num_literals": 0, "total_programs": 31, "total_rules": 0, "total_ground_rules": 0, "durations": {"generate": [0.005194250000000067, 0.0009094579999999741, 0.007846958000000015, 0.0018719590000000341, 0.0007150000000000212, 0.0006889999999999397, 0.008243375000000053, 0.0007732500000000586, 0.0005812499999999776, 0.0006187080000000789, 0.0016118339999999787, 0.0007614999999999705, 0.005076458999999978, 0.0007201249999999604, 0.002161875000000091, 0.0018978750000000488, 0.0013005000000001488, 0.0006741249999999699, 0.0007585000000001063, 0.0007211660000001618, 0.005841417000000071, 0.0006873750000000456, 0.001337791000000088, 0.0013125000000000497, 0.0007560420000001233, 0.0024092499999999184, 0.0019748749999999315, 0.0006728750000000172, 0.0027095419999998427, 0.002819166999999956, 0.18078812500000008, 0.004941500000000154], "find_bindings_prolog": [0.018740332999999998, 0.004085458000000042, 0.0040104579999999945, 0.003473999999999977, 0.0038107080000000515, 0.0037911250000000063, 0.0038176250000000467, 0.0037181250000000166, 0.0037560409999999322, 0.0037727919999999138, 0.0037898750000000536, 0.003809124999999969, 0.0037826250000000394, 0.003791624999999965, 0.003779209000000172, 0.003766500000000006, 0.0038034579999999263, 0.0037737079999999867, 0.0037351249999999503, 0.0035835839999998065, 0.0038130830000000504, 0.0037612499999999383, 0.003921791000000008, 0.0036465409999999476, 0.00378845800000005, 0.003867000000000065, 0.0034702920000000415, 0.003813666999999965, 0.003375708999999949, 0.0038015420000001576, 0.0038502080000000216], "find_bindings_z3": [0.04024508299999996, 0.06699883299999998, 0.012239124999999906, 0.011652208000000108, 0.011775165999999948, 0.011860749999999975, 0.011870084000000003, 0.011852832999999952, 0.011837125000000004, 0.011859708000000024, 0.032626667000000054, 0.0247431669999999, 0.02439525000000009, 0.031739749999999955, 0.024789583999999865, 0.03162733300000009, 0.03188708299999998, 0.024685541999999838, 0.024419166999999797, 0.032005250000000096, 0.03176599999999996, 0.03268475000000004, 0.026723249999999865, 0.1529194589999998, 0.02827875000000013, 0.02515962500000013, 0.023622457999999957, 0.02438604199999994, 0.028155665999999968, 0.1515439999999999, 0.15449187500000017], "test": [0.05967208299999993, 0.09535566699999998, 0.017033124999999982, 0.015729833999999943, 0.016235749999999993, 0.016277625000000073, 0.016325374999999975, 0.016186208000000035, 0.016217417000000012, 0.016257207999999967, 0.03692387499999994, 0.02906524999999993, 0.028697500000000042, 0.03605420799999992, 0.029090041999999983, 0.03590745799999984, 0.036202124999999974, 0.028966207999999938, 0.028664250000000058, 0.036084666999999904, 0.03610237500000002, 0.036964333000000016, 0.031230375000000032, 0.15803633299999986, 0.032588542000000054, 0.029565666999999962, 0.027579290999999895, 0.02871899999999994, 0.03200650000000005, 0.15683700000000012, 0.1605715000000001], "combine": [9.169999999336653e-07, 0.004713708000000039, 7.910000000554973e-07, 6.670000000097431e-07, 6.669999998987208e-07, 6.250000000873612e-07, 6.249999999763389e-07, 6.660000000380251e-07, 7.080000000714293e-07, 6.670000000097431e-07, 7.07999999960407e-07, 7.090000000431473e-07, 7.080000000714293e-07, 6.660000000380251e-07, 6.249999999763389e-07, 6.249999999763389e-07, 6.250000001983835e-07, 6.670000001207654e-07, 7.500000001048335e-07, 6.669999998987208e-07, 7.07999999960407e-07, 7.920000000272154e-07, 7.499999998827889e-07, 0.005366416000000207, 6.659999998159805e-07, 7.07999999960407e-07, 7.500000001048335e-07, 5.83000000053957e-07, 6.249999999763389e-07, 6.249999999763389e-07, 0.00507587499999973], "add_cons": [4.816699999998786e-05, 4.783299999999713e-05, 5.366699999997948e-05, 5.216699999999186e-05, 5.1250000000058193e-05, 5.0791999999910686e-05, 5.112500000004072e-05, 4.9167000000016614e-05, 5.0207999999996034e-05, 5.07079999999549e-05, 4.987499999997702e-05, 4.8750000000041815e-05, 4.958299999990867e-05, 4.945800000000222e-05, 4.92080000000783e-05, 4.94579999998912e-05, 4.954099999987527e-05, 4.8416000000051085e-05, 5.204100000000267e-05, 5.120799999991377e-05, 4.995799999996109e-05, 5.374999999996355e-05, 0.00017041600000000656, 5.320900000005402e-05, 4.941599999996882e-05, 5.11249999999297e-05, 4.858300000010196e-05, 4.9084000000032546e-05, 5.016600000007365e-05, 4.891699999998167e-05, 5.1957999999796556e-05], "constrain": [0.0024822919999999415, 0.00036808399999999075, 0.003193458000000038, 0.0009429579999999937, 0.0009252080000000662, 0.0009342079999999919, 0.0008325419999999362, 0.000824166000000015, 0.0008332500000000076, 0.0008276670000000319, 0.0011541249999998948, 0.001053374999999912, 0.000864415999999979, 0.0007475839999999678, 0.0011445829999998658, 0.0008674579999998766, 0.0007417499999999855, 0.000749542000000103, 0.0008051250000000731, 0.0008645000000000458, 0.0010445829999998768, 0.0007553330000000802, 0.0009007080000000833, 0.0010205000000000908, 0.0010670420000000735, 0.0007435410000000697, 0.0007290840000000465, 0.0007428329999998873, 0.0007412499999999156, 0.0007536670000001244, 0.0008040000000000269], "loop": [1.638828417]}, "final_exec_time": 1.784000041, "stages": [], "best_programs": [], "solution": {"code": "halfplane(A,B):- leq(A,-7),geq(B,-99).", "is_solution": true, "conf_matrix": [30, 0, 30, 0], "total_exec_time": 1.77410625, "durations": [{"operation": "Test", "called": 31, "total": 1.3411467909999994, "mean": 0.043262799709677405, "maximum": 0.1605715000000001, "__type__": "DurationSummary"}, {"operation": "Find_Bindings_Z3", "called": 31, "total": 1.1648415829999994, "mean": 0.03757553493548385, "maximum": 0.15449187500000017, "__type__": "DurationSummary"}, {"operation": "Generate", "called": 31, "total": 0.24443612600000075, "mean": 0.00788503632258067, "maximum": 0.18078812500000008, "__type__": "DurationSummary"}, {"operation": "Find_Bindings_Prolog", "called": 31, "total": 0.13170104000000005, "mean": 0.004248420645161292, "maximum": 0.018740332999999998, "__type__": "DurationSummary"}, {"operation": "Constrain", "called": 30, "total": 0.029654831999999964, "mean": 0.0009884943999999988, "maximum": 0.003193458000000038, "__type__": "DurationSummary"}, {"operation": "Combine", "called": 30, "total": 0.010099414000000473, "mean": 0.0003366471333333491, "maximum": 0.005366416000000207, "__type__": "DurationSummary"}, {"operation": "Add_Cons", "called": 30, "total": 0.001627245999999749, "mean": 5.424153333332497e-05, "maximum": 0.00017041600000000656, "__type__": "DurationSummary"}], "__type__": "ProgramStats"}, "is_solution": true, "stats_file": "./results/halfplane/numericalpopper/7/stats.json", "end": true, "__type__": "Stats"}