{"log_best_programs": true, "num_literals": 0, "total_programs": 15, "total_rules": 0, "total_ground_rules": 0, "durations": {"generate": [0.002012749999999952, 0.005256209000000012, 0.0016803340000000055, 0.0010633749999999775, 0.0008704170000000122, 0.018362875, 0.010142208999999958, 0.004717082999999955, 0.002620458000000103, 0.0018258330000000544, 0.0007384159999999085, 0.0013494580000001921, 0.000714207999999994, 0.004180290999999947, 0.03382062499999994, 0.5567714579999998], "find_bindings_prolog": [0.02518100000000001, 0.00073020800000001, 0.0006225829999999544, 0.009729082999999972, 0.010318582999999992, 0.003811333000000028, 0.008218209000000032, 0.011588374999999984, 0.011666833000000043, 0.0005605839999998086, 0.0005321250000001054, 0.0005528329999999748, 0.0005533330000000447, 0.0005591250000001047], "test": [0.15096187499999997, 0.0011485839999999525, 0.0009130000000000527, 0.06030049999999998, 0.081356875, 0.010466124999999993, 0.07740887499999993, 0.098877875, 0.08150054100000004, 0.0010060000000000624, 0.0008370829999999607, 0.0008669999999999511, 0.0008469999999998201, 0.0010302920000000437, 0.0012660829999999734], "combine": [0.004559624999999956, 3.7499999994139444e-07, 3.7499999994139444e-07, 0.0023260420000000837, 0.002938333000000015, 0.006489374999999908, 4.580000000364848e-07, 0.0030136250000000198, 0.003023500000000068, 4.1700000008582094e-07, 3.7499999994139444e-07, 4.1699999986377634e-07, 3.7499999994139444e-07, 4.580000001475071e-07, 0.004015415999999883], "add_cons": [5.816599999997063e-05, 4.649999999994936e-05, 4.2749999999980304e-05, 2.7208000000000787e-05, 3.2999999999949736e-05, 5.425000000003344e-05, 5.1707999999983656e-05, 3.7624999999930075e-05, 3.6332999999943993e-05, 4.895799999982131e-05, 4.9459000000195985e-05, 4.9583000000019695e-05, 4.904199999988812e-05, 5.633400000015776e-05, 4.820900000002126e-05], "constrain": [0.019521042000000044, 0.004621541000000007, 0.0014751250000000216, 0.008346124999999982, 0.0009214589999999578, 0.004291957999999929, 0.03043516700000004, 0.003005833999999985, 0.0029974170000000022, 0.008835209000000122, 0.0080802499999999, 0.009203207999999963, 0.008028208000000037, 0.009508749999999955, 0.001193957999999995], "loop": [1.363714458]}, "final_exec_time": 1.455367458, "stages": [], "best_programs": [], "solution": {"code": "zendo(A):- piece(A,C),contact(C,B),contact(B,C).", "is_solution": true, "conf_matrix": [30, 0, 30, 0], "total_exec_time": 0.8946814999999999, "durations": [{"operation": "Test", "called": 15, "total": 0.5687877079999997, "mean": 0.03791918053333331, "maximum": 0.15096187499999997, "__type__": "DurationSummary"}, {"operation": "Constrain", "called": 14, "total": 0.11927129299999994, "mean": 0.008519378071428567, "maximum": 0.03043516700000004, "__type__": "DurationSummary"}, {"operation": "Generate", "called": 15, "total": 0.08935454100000001, "mean": 0.0059569694000000005, "maximum": 0.03382062499999994, "__type__": "DurationSummary"}, {"operation": "Find_Bindings_Prolog", "called": 14, "total": 0.08462420700000006, "mean": 0.006044586214285719, "maximum": 0.02518100000000001, "__type__": "DurationSummary"}, {"operation": "Combine", "called": 14, "total": 0.02235374999999995, "mean": 0.001596696428571425, "maximum": 0.006489374999999908, "__type__": "DurationSummary"}, {"operation": "Add_Cons", "called": 14, "total": 0.0006409159999998248, "mean": 4.577971428570178e-05, "maximum": 5.816599999997063e-05, "__type__": "DurationSummary"}], "__type__": "ProgramStats"}, "is_solution": true, "stats_file": "./results/zendo1/magicpopper/8/stats.json", "end": true, "__type__": "Stats"}