{"problem_name": "interval", "system_id": ["numsynth"], "system_name": "popper", "trial": 7, "solution": "interval(A):- geq(A,71).", "total_exec_time": 0.148656709, "conf_matrix": [], "extra_stats": {"log_best_programs": true, "num_literals": 0, "total_programs": 1, "total_rules": 0, "total_ground_rules": 0, "durations": {"generate": [0.0004049580000000108, 3.450000000004838e-05], "find_bindings_prolog": [0.014413625000000041], "find_bindings_z3": [0.05393541700000004], "test": [0.10010116700000005], "combine": [0.0027650000000000174], "add_cons": [3.683300000001388e-05], "constrain": [0.0011581669999999877]}, "final_exec_time": 0.148656709, "stages": [], "best_programs": [], "solution": {"code": "interval(A):- geq(A,71).", "is_solution": true, "conf_matrix": [16, 0, 26, 0], "total_exec_time": 0.145472125, "durations": [{"operation": "Test", "called": 1, "total": 0.10010116700000005, "mean": 0.10010116700000005, "maximum": 0.10010116700000005, "__type__": "DurationSummary"}, {"operation": "Find_Bindings_Z3", "called": 1, "total": 0.05393541700000004, "mean": 0.05393541700000004, "maximum": 0.05393541700000004, "__type__": "DurationSummary"}, {"operation": "Find_Bindings_Prolog", "called": 1, "total": 0.014413625000000041, "mean": 0.014413625000000041, "maximum": 0.014413625000000041, "__type__": "DurationSummary"}, {"operation": "Generate", "called": 1, "total": 0.0004049580000000108, "mean": 0.0004049580000000108, "maximum": 0.0004049580000000108, "__type__": "DurationSummary"}], "__type__": "ProgramStats"}, "is_solution": true, "stats_file": "./results/interval/numsynth/7/stats.json", "end": true, "__type__": "Stats"}, "parameter": null, "__typ__": "ExperimentResult"}