{"problem_name": "interval", "system_id": ["numsynth"], "system_name": "popper", "trial": 6, "solution": "interval(A):- geq(A,72).", "total_exec_time": 0.14508629099999998, "conf_matrix": [], "extra_stats": {"log_best_programs": true, "num_literals": 0, "total_programs": 1, "total_rules": 0, "total_ground_rules": 0, "durations": {"generate": [0.0004065830000000159, 3.2666999999986235e-05], "find_bindings_prolog": [0.014089249999999998], "find_bindings_z3": [0.061539999999999984], "test": [0.10014887499999997], "combine": [0.00457225], "add_cons": [3.28339999999816e-05], "constrain": [0.0012459589999999632]}, "final_exec_time": 0.14508629099999998, "stages": [], "best_programs": [], "solution": {"code": "interval(A):- geq(A,72).", "is_solution": true, "conf_matrix": [19, 0, 26, 0], "total_exec_time": 0.14168370800000002, "durations": [{"operation": "Test", "called": 1, "total": 0.10014887499999997, "mean": 0.10014887499999997, "maximum": 0.10014887499999997, "__type__": "DurationSummary"}, {"operation": "Find_Bindings_Z3", "called": 1, "total": 0.061539999999999984, "mean": 0.061539999999999984, "maximum": 0.061539999999999984, "__type__": "DurationSummary"}, {"operation": "Find_Bindings_Prolog", "called": 1, "total": 0.014089249999999998, "mean": 0.014089249999999998, "maximum": 0.014089249999999998, "__type__": "DurationSummary"}, {"operation": "Generate", "called": 1, "total": 0.0004065830000000159, "mean": 0.0004065830000000159, "maximum": 0.0004065830000000159, "__type__": "DurationSummary"}], "__type__": "ProgramStats"}, "is_solution": true, "stats_file": "./results/interval/numsynth/6/stats.json", "end": true, "__type__": "Stats"}, "parameter": null, "__typ__": "ExperimentResult"}