{"log_best_programs": true, "num_literals": 0, "total_programs": 24, "total_rules": 0, "total_ground_rules": 0, "durations": {"generate": [0.0048454170000000185, 0.004278082999999988, 0.001867167000000003, 0.0008737079999999731, 0.0006431660000000283, 0.03746537499999991, 0.0020842500000000097, 0.0016717079999999385, 0.0010709999999999331, 0.0007359590000000082, 0.0010375000000000245, 0.0009804999999998287, 0.0012212079999998071, 0.0008067090000001276, 0.000927832999999989, 0.0012401669999999587, 0.0006609170000000386, 0.0006689170000000466, 0.0019100420000000007, 0.022010584, 0.005226333999999833, 0.001900875000000024, 0.0008022089999999427, 0.02186220900000002, 0.5165715000000002], "find_bindings_prolog": [0.02927308399999995, 0.0007845419999999992, 0.009845166000000072, 0.00066129199999998, 0.009936999999999974, 0.011461207999999945, 0.0005758330000000811, 0.0005929580000000323, 0.011449500000000001, 0.0005775409999999592, 0.0005859169999999914, 0.0006349169999999571, 0.0005842500000001749, 0.0006105000000000693, 0.0005763750000000734, 0.0005388330000000163, 0.0005158750000000545, 0.0005137079999999461, 0.006815165999999984, 0.006077666000000148, 0.0058570419999999235, 0.00183158299999997, 0.0018557919999999672], "test": [0.10708099999999998, 0.0012322919999999682, 0.057995999999999936, 0.0010377089999999978, 0.06143150000000008, 0.10615087499999998, 0.001022583999999993, 0.0010751250000000656, 0.10093324999999997, 0.0012023749999998667, 0.0010873750000000015, 0.0011289999999999356, 0.0010628749999999076, 0.0010983330000000624, 0.0010506670000001161, 0.0008379999999998944, 0.0008275840000000478, 0.0008139160000000256, 0.048518916000000134, 0.04308170800000011, 0.04170733299999996, 0.004991042000000112, 0.004342999999999986, 0.0013206249999999642], "combine": [0.004318542000000036, 3.7499999994139444e-07, 0.003053207999999974, 4.1600000000308057e-07, 0.011230417000000048, 0.002771082999999952, 4.1699999997479864e-07, 3.3299999990799023e-07, 0.002867167000000004, 4.1700000008582094e-07, 3.3300000001901253e-07, 3.7499999994139444e-07, 3.7499999994139444e-07, 4.1700000008582094e-07, 3.7499999994139444e-07, 4.1699999986377634e-07, 3.7499999994139444e-07, 3.3300000001901253e-07, 4.1700000008582094e-07, 0.002954000000000123, 4.1699999986377634e-07, 0.005541791999999823, 0.0038909170000001048, 0.005037916999999892], "add_cons": [5.733299999999275e-05, 4.708300000000332e-05, 2.820799999991852e-05, 4.429200000000133e-05, 3.1624999999979586e-05, 3.9082999999995316e-05, 5.012499999990094e-05, 5.8749999999996305e-05, 3.995899999997832e-05, 5.583300000000513e-05, 5.554200000013054e-05, 5.620799999994652e-05, 5.5166999999967103e-05, 5.579199999994344e-05, 5.583400000008787e-05, 5.033300000012453e-05, 5.0500000000175405e-05, 4.9290999999840324e-05, 4.96670000000865e-05, 5.312499999998721e-05, 5.2708000000123434e-05, 5.320799999997128e-05, 5.5375000000079666e-05, 4.766599999994625e-05], "constrain": [0.02712712500000003, 0.004771292000000038, 0.00838762500000001, 0.0014505420000000546, 0.000902291000000055, 0.01042916599999999, 0.009162416000000007, 0.009516209000000053, 0.0029938750000000347, 0.00953462500000013, 0.010697790999999901, 0.009526875000000157, 0.009633333000000022, 0.009491540999999826, 0.009480542000000147, 0.008083874999999852, 0.008037749999999955, 0.008137249999999874, 0.02220245799999998, 0.004062208000000123, 0.004084374999999918, 0.004043459000000027, 0.004040457999999969, 0.0011935830000000536], "loop": [1.4666030410000002]}, "final_exec_time": 1.5779839580000001, "stages": [], "best_programs": [], "solution": {"code": "zendo(A):- piece(A,B),contact(B,C),contact(C,B).", "is_solution": true, "conf_matrix": [30, 0, 30, 0], "total_exec_time": 1.057439625, "durations": [{"operation": "Test", "called": 24, "total": 0.5910330840000001, "mean": 0.024626378500000004, "maximum": 0.10708099999999998, "__type__": "DurationSummary"}, {"operation": "Constrain", "called": 23, "total": 0.19579708100000015, "mean": 0.008512916565217398, "maximum": 0.02712712500000003, "__type__": "DurationSummary"}, {"operation": "Generate", "called": 24, "total": 0.11679183699999945, "mean": 0.004866326541666644, "maximum": 0.03746537499999991, "__type__": "DurationSummary"}, {"operation": "Find_Bindings_Prolog", "called": 23, "total": 0.10215574800000027, "mean": 0.004441554260869577, "maximum": 0.02927308399999995, "__type__": "DurationSummary"}, {"operation": "Combine", "called": 23, "total": 0.03663291799999968, "mean": 0.0015927355652173775, "maximum": 0.011230417000000048, "__type__": "DurationSummary"}, {"operation": "Add_Cons", "called": 23, "total": 0.0011450410000002353, "mean": 4.978439130435806e-05, "maximum": 5.8749999999996305e-05, "__type__": "DurationSummary"}], "__type__": "ProgramStats"}, "is_solution": true, "stats_file": "./results/zendo1/magicpopper/3/stats.json", "end": true, "__type__": "Stats"}