{"problem_name": "zendo1", "system_id": ["magicpopper"], "system_name": "popper", "trial": null, "solution": "zendo(A):- piece(A,C),contact(C,B),contact(B,C).", "total_exec_time": 2.281704208, "conf_matrix": [1000, 0, 1000, 0], "extra_stats": {"log_best_programs": true, "num_literals": 0, "total_programs": 54, "total_rules": 0, "total_ground_rules": 0, "durations": {"generate": [0.0020122080000000153, 0.004035082999999995, 0.0018349999999999755, 0.0005653330000000012, 0.0007939590000000107, 0.02432274999999995, 0.0014117499999999339, 0.0006030419999999426, 0.0007208329999999208, 0.0006235839999999548, 0.0006818330000000206, 0.013028957999999924, 0.0013536669999999473, 0.014123500000000067, 0.002265791000000128, 0.0030625420000001125, 0.0005611249999999401, 0.016610333000000033, 0.0006438750000001825, 0.0008990419999999055, 0.002255458999999904, 0.0006243340000000597, 0.001035750000000002, 0.0007171659999998248, 0.004935541000000043, 0.0013627079999998237, 0.0006922910000000115, 0.0006590420000001096, 0.0006093750000000231, 0.031600917000000006, 0.008331958999999944, 0.0007756249999999465, 0.04189899999999991, 0.0006565419999999822, 0.014883000000000202, 0.010065999999999908, 0.0010456670000000834, 0.0007812499999999556, 0.003479250000000045, 0.0007292500000000146, 0.0016364580000001183, 0.000637957999999994, 0.0009371250000000941, 0.0006047499999999317, 0.002461207999999937, 0.0006207090000001081, 0.0009222500000001244, 0.0005302090000001147, 0.002160208999999913, 0.0012186250000001397, 0.0008562920000001473, 0.0006288750000000842, 0.029814165999999975, 0.01437245900000006, 0.5030535410000003], "find_bindings_prolog": [0.026554833, 0.0006974579999999841, 0.0005537080000000416, 0.009051207999999977, 0.010115458999999993, 0.012504791999999987, 0.0004933750000000181, 0.0004291670000000636, 0.01096050000000004, 0.012486374999999938, 0.012312250000000025, 0.005764915999999953, 0.006641917000000053, 0.00047770900000010386, 0.010752832999999962, 0.00048274999999997625, 0.0004826250000000698, 0.0004841250000000574, 0.000475417000000089, 0.0004817919999999809, 0.010919458000000049, 0.00048516699999989754, 0.0004742500000001204, 0.00047395799999994104, 0.010047334000000019, 0.01180133299999997, 0.011725291000000082, 0.000703832999999987, 0.0005715410000000087, 0.0005907080000000509, 0.005688625000000114, 0.001570917000000005, 0.001717125000000097, 0.005044500000000118, 0.005513041000000163, 0.0004835829999998431, 0.00044437500000005237, 0.0004527080000000794, 0.0004410420000000581, 0.0056395000000000195, 0.00043087500000016377, 0.00495154199999992, 0.005759917000000003, 0.0049822909999999165, 0.005585208000000064, 0.004949207999999983, 0.0004594159999999903], "test": [0.09456241700000001, 0.0010699170000000313, 0.000801292000000009, 0.04379920799999998, 0.04873462499999992, 0.0633165, 0.000879167000000014, 0.0006935409999999642, 0.05520366700000001, 0.06365504200000005, 0.061354790999999964, 0.03136666600000004, 0.035204040999999964, 0.0008480420000001043, 0.0006353750000001046, 0.0006308749999999197, 0.0006165419999999422, 0.0005935839999999803, 0.0008925410000000245, 0.05717375000000002, 0.0009793750000000045, 0.0008923750000000563, 0.000884666000000145, 0.0008766250000000753, 0.0008823749999999908, 0.058430749999999865, 0.00098937500000007, 0.0008753749999999005, 0.0008672080000000637, 0.04990841700000015, 0.06089224999999998, 0.05868766599999997, 0.0012627079999998347, 0.0009745829999998623, 0.0009909580000000417, 0.031082500000000124, 0.003166832999999869, 0.003715625000000111, 0.027024332999999956, 0.03594154100000013, 0.0007908330000001573, 0.0007028329999998473, 0.0007076249999999895, 0.0006929580000001323, 0.03089150000000007, 0.0007219169999999053, 0.026880667000000136, 0.031365084000000154, 0.02665716699999998, 0.030170749999999913, 0.026580250000000083, 0.000763416999999933, 0.0007105840000001251, 0.0008016660000000897], "combine": [0.0041712089999999535, 3.749999999969056e-07, 3.749999999969056e-07, 0.0021959580000000534, 0.009445499999999996, 3.7500000005241674e-07, 3.7500000005241674e-07, 3.7499999994139444e-07, 4.1699999997479864e-07, 3.7500000005241674e-07, 4.1599999989205827e-07, 3.7500000005241674e-07, 3.7500000005241674e-07, 3.3300000001901253e-07, 3.7499999994139444e-07, 2.90999999874586e-07, 4.1700000008582094e-07, 3.7499999994139444e-07, 2.9100000009663063e-07, 0.0045234169999999185, 3.3300000001901253e-07, 3.3300000001901253e-07, 3.340000001017529e-07, 3.3300000001901253e-07, 3.3300000001901253e-07, 0.005985000000000129, 3.7499999994139444e-07, 3.7499999994139444e-07, 3.339999998797083e-07, 4.580000001475071e-07, 3.7500000016343904e-07, 3.7499999994139444e-07, 4.1700000008582094e-07, 3.7500000016343904e-07, 3.7499999994139444e-07, 3.7499999994139444e-07, 0.006385416999999949, 0.0036267079999998675, 3.3299999979696793e-07, 3.7499999994139444e-07, 3.7500000016343904e-07, 3.339999998797083e-07, 3.3300000001901253e-07, 3.3300000001901253e-07, 3.3300000001901253e-07, 3.7499999994139444e-07, 3.7499999994139444e-07, 3.7499999994139444e-07, 3.3300000001901253e-07, 3.3300000001901253e-07, 3.339999998797083e-07, 3.7499999994139444e-07, 3.7499999994139444e-07, 0.005186040999999975], "add_cons": [5.5917000000016426e-05, 4.187499999996902e-05, 3.8874999999993776e-05, 2.566599999997976e-05, 2.8124999999934452e-05, 3.3207999999951276e-05, 4.658299999993343e-05, 4.533399999995247e-05, 3.2000000000032e-05, 4.5832999999939616e-05, 4.43749999999854e-05, 4.5082999999945805e-05, 4.533300000009177e-05, 4.129199999991506e-05, 3.9499999999970115e-05, 3.945800000004773e-05, 3.979199999992744e-05, 4.2874999999886754e-05, 4.995900000004383e-05, 3.2041999999954385e-05, 5.15839999999379e-05, 5.016699999993435e-05, 4.9583000000019695e-05, 5.0667000000004236e-05, 5.058300000015947e-05, 3.158299999994618e-05, 5.1250000000058193e-05, 4.979199999999295e-05, 4.9709000000008885e-05, 2.8542000000131296e-05, 3.07079999999349e-05, 2.8834000000088622e-05, 4.870800000000841e-05, 4.766700000002899e-05, 4.762500000010661e-05, 4.537499999979211e-05, 4.745800000005573e-05, 4.7459000000138474e-05, 4.1500000000027626e-05, 3.274999999991479e-05, 4.5917000000006425e-05, 4.545899999985892e-05, 4.458400000006968e-05, 4.462499999990932e-05, 2.6582999999913426e-05, 4.545799999999822e-05, 4.216600000006565e-05, 2.7833999999948844e-05, 4.741599999991131e-05, 2.841599999992006e-05, 4.8041999999970386e-05, 4.5708000000033167e-05, 4.2500000000167404e-05, 4.266600000013554e-05], "constrain": [0.017234209, 0.004376625000000023, 0.0013909169999999915, 0.008094625000000022, 0.0008704580000000739, 0.0024260830000000233, 0.003980042000000017, 0.003951417000000013, 0.0014825830000000373, 0.006859541999999941, 0.006502082999999992, 0.004073250000000028, 0.027730917000000077, 0.003631874999999951, 0.00338616699999994, 0.003640834000000037, 0.003402167000000178, 0.0020421250000000057, 0.00912091600000009, 0.0028361670000001116, 0.009753667000000021, 0.009034582999999818, 0.009737375000000048, 0.009070875000000145, 0.009112749999999892, 0.0028384580000000437, 0.009096833000000082, 0.00905333400000008, 0.009116375000000065, 0.0014210829999998786, 0.002354250000000002, 0.0023312920000000403, 0.004492291999999898, 0.0027013330000000835, 0.0026879580000001013, 0.0038532499999999192, 0.0038277500000001297, 0.0038358339999999824, 0.005816916999999977, 0.0021948750000000405, 0.007923000000000124, 0.007660916999999934, 0.007653082999999894, 0.007671208999999957, 0.0020727499999999566, 0.0038703749999999815, 0.005850000000000133, 0.0021204169999999856, 0.003946208999999978, 0.002122249999999992, 0.0039235839999998134, 0.003895542000000196, 0.0011662079999998909, 0.0011559999999999349], "loop": [2.195005167]}, "final_exec_time": 2.281704208, "stages": [], "best_programs": [], "solution": {"code": "zendo(A):- piece(A,C),contact(C,B),contact(B,C).", "is_solution": true, "conf_matrix": [30, 0, 30, 0], "total_exec_time": 1.7746722499999998, "durations": [{"operation": "Test", "called": 54,