{"log_best_programs": true, "num_literals": 0, "total_programs": 136, "total_rules": 0, "total_ground_rules": 0, "durations": {"generate": [0.0006593749999999621, 0.0008497499999999825, 0.002009542000000031, 0.0012056670000000214, 0.0007893330000000032, 0.0011710830000000172, 0.0005146249999999908, 0.0004742920000000428, 0.0007818339999999813, 0.017783333000000012, 0.0006557090000000043, 0.01629687499999999, 0.001543750000000066, 0.000978207999999925, 0.00042954099999992224, 0.001517125000000008, 0.0007149579999999878, 0.0007932499999999676, 0.0025149580000000116, 0.002234040999999909, 0.000573958000000041, 0.0004426249999999188, 0.0004342499999999694, 0.0021410840000000153, 0.0007937909999999881, 0.0004562080000000135, 0.0033190840000000277, 0.0004557080000000546, 0.00042866599999991095, 0.0004257909999999532, 0.0011488750000000492, 0.0009270829999999952, 0.0004857499999999515, 0.00042529199999996603, 0.004471709000000046, 0.015027082999999997, 0.0013016659999999236, 0.0005023330000000215, 0.0005173750000000421, 0.0007957920000000174, 0.0005282500000000079, 0.0005291660000000808, 0.0013921249999999663, 0.002721833999999923, 0.0004734170000000315, 0.0011589579999999877, 0.0015192080000000496, 0.0029098330000000283, 0.0026146250000000926, 0.0024026249999999916, 0.0004919159999999811, 0.0004726250000000043, 0.0006286669999999717, 0.0006688750000000132, 0.0006162920000000183, 0.0011935830000000536, 0.000482207999999984, 0.0006494579999998251, 0.0004829159999999444, 0.00044741699999995, 0.0004950419999998346, 0.0004632909999999768, 0.0004682920000000923, 0.0005529160000001809, 0.0005653330000001677, 0.0004973329999999887, 0.0005283750000000254, 0.0010475420000000124, 0.028329499999999896, 0.00042533300000013874, 0.0004295000000000826, 0.000513541999999978, 0.00045624999999982485, 0.0007101670000000393, 0.000652000000000097, 0.0010447499999999277, 0.002537375000000175, 0.0017146249999999696, 0.0014045000000000307, 0.000569291999999999, 0.0004737919999999729, 0.0008685420000000832, 0.0006690000000000307, 0.0014192920000000164, 0.0005107500000001153, 0.004104541000000017, 0.0005071670000000861, 0.00046691700000001113, 0.001363499999999851, 0.0015292500000001485, 0.0012436670000000039, 0.0005204999999999238, 0.002354500000000037, 0.00046899999999983066, 0.0004814170000000395, 0.00041787499999990096, 0.00038520799999997024, 0.0004063330000001475, 0.0003985419999998907, 0.00042283399999987203, 0.0004425839999999681, 0.0028432910000000255, 0.0004382499999999734, 0.00044837499999994535, 0.00040437500000001236, 0.0015382500000000743, 0.00044370900000001434, 0.0004953340000000139, 0.0005710419999997995, 0.0006477080000000246, 0.0004690000000000527, 0.0005973750000001221, 0.0004919999999999369, 0.003330082999999817, 0.000453542000000029, 0.04963208299999988, 0.0051332920000000115, 0.0030714169999999097, 0.0009604159999998529, 0.0042174590000001455, 0.02026216599999997, 0.0035099579999999797, 0.0007059169999998893, 0.0020264580000000088, 0.0017972909999999231, 0.002409375000000047, 0.0006916660000000352, 0.01582108300000007, 0.002763332999999868, 0.007130542000000073, 0.006765042000000054, 0.0008245829999999899, 0.0005820829999998445, 0.0005639999999997869, 0.0006254999999999455, 0.002861124999999909, 0.014349500000000237], "test": [0.02532812499999998, 0.0006221249999999734, 0.000641875000000014, 0.029519249999999997, 0.02650424999999995, 0.0005186670000000282, 0.0006194159999999282, 0.0005561250000000184, 0.0005192920000000045, 0.013070541000000047, 0.019110457999999997, 0.02390562500000004, 0.03545949999999998, 0.012912415999999927, 0.012063625000000022, 0.0005868749999999867, 0.000567416999999959, 0.0006227500000000052, 0.014155042000000062, 0.0005695000000000006, 0.0005727920000000442, 0.0005595419999999685, 0.0005625000000000213, 0.0006280410000000236, 0.006858208000000032, 0.008221792000000061, 0.0005982500000000224, 0.00053241599999998, 0.00047754199999994196, 0.0004701249999999879, 0.0010245000000000948, 0.00047358299999999964, 0.00044712499999999267, 0.0005995410000000367, 0.0008613330000000197, 0.002263915999999977, 0.0005582499999999824, 0.0004606249999999923, 0.00048754200000000747, 0.0006551249999999786, 0.0006334590000000029, 0.0007230000000000292, 0.000641875000000014, 0.010784000000000016, 0.011105875000000043, 0.012426917000000093, 0.020350833000000068, 0.02524375000000001, 0.0007832909999999638, 0.002175791999999954, 0.001853790999999938, 0.0008796660000000012, 0.0007777079999999881, 0.001155750000000011, 0.0006637089999999013, 0.014157208000000088, 0.014714458000000041, 0.0009712920000000125, 0.0013027089999999575, 0.0005202500000001109, 0.0005800000000000249, 0.000595166999999952, 0.0005761250000000384, 0.0005581670000001093, 0.00868941599999995, 0.007673999999999959, 0.0008022919999999267, 0.000687749999999987, 0.0006119159999999901, 0.0005088749999999642, 0.0010502919999999527, 0.0005361670000001428, 0.001002916999999881, 0.0005600830000001, 0.000755416999999925, 0.0005820830000000665, 0.00184112500000011, 0.0007602909999999685, 0.01275499999999985, 0.027644624999999978, 0.027651167000000143, 0.007303249999999872, 0.01434170899999998, 0.008646749999999814, 0.012464749999999913, 0.01532050000000007, 0.02809274999999989, 0.030484374999999897, 0.011949916999999921, 0.019270416999999984, 0.026703541999999914, 0.022588457999999978, 0.0005717920000001264, 0.0005293329999997987, 0.000476000000000143, 0.0004342920000000028, 0.0004918750000000305, 0.0005140829999998875, 0.00045870800000002987, 0.0004525410000000285, 0.00045608400000007876, 0.007242165999999939, 0.00657025, 0.0062909999999998245, 0.006758542000000034, 0.006201290999999998, 0.00727104199999995, 0.010421833000000102, 0.010686333999999853, 0.010845874999999783, 0.010600165999999911, 0.011216041000000176, 0.010696959000000117, 0.013707290999999788, 0.014997458999999935, 0.0009381670000001563, 0.0009772500000000406, 0.0009232500000000421, 0.0013844170000001377, 0.0009642920000001443, 0.0011351659999998542, 0.09294016599999999, 0.06111837499999995, 0.0011405419999999111, 0.0019211669999998904, 0.0566605, 0.08238133400000014, 0.001630416999999884, 0.001197042000000259, 0.001565457999999964, 0.0012445420000002372, 0.001191250000000199, 0.0015617910000003121, 0.0013364579999999293, 0.0012064579999999658, 0.16986979200000007],