{"log_best_programs": true, "num_literals": 0, "total_programs": 1, "total_rules": 0, "total_ground_rules": 0, "durations": {"generate": [0.0008362920000000162, 2.987500000001253e-05], "find_bindings_prolog": [0.019060958000000017], "find_bindings_z3": [0.05891908400000001], "test": [0.10408045900000001], "combine": [0.0045495420000000175], "add_cons": [0.00020133299999997023], "constrain": [0.002283083000000019]}, "final_exec_time": 0.168087041, "stages": [], "best_programs": [], "solution": {"code": "interval(A):- geq(A,71).", "is_solution": true, "conf_matrix": [20, 0, 28, 0], "total_exec_time": 0.16231145799999996, "durations": [{"operation": "Test", "called": 1, "total": 0.10408045900000001, "mean": 0.10408045900000001, "maximum": 0.10408045900000001, "__type__": "DurationSummary"}, {"operation": "Find_Bindings_Z3", "called": 1, "total": 0.05891908400000001, "mean": 0.05891908400000001, "maximum": 0.05891908400000001, "__type__": "DurationSummary"}, {"operation": "Find_Bindings_Prolog", "called": 1, "total": 0.019060958000000017, "mean": 0.019060958000000017, "maximum": 0.019060958000000017, "__type__": "DurationSummary"}, {"operation": "Generate", "called": 1, "total": 0.0008362920000000162, "mean": 0.0008362920000000162, "maximum": 0.0008362920000000162, "__type__": "DurationSummary"}], "__type__": "ProgramStats"}, "is_solution": true, "stats_file": "./results/interval/numsynth/4/stats.json", "end": true, "__type__": "Stats"}