{"log_best_programs": true, "num_literals": 0, "total_programs": 1, "total_rules": 0, "total_ground_rules": 0, "durations": {"generate": [0.0008669999999999511, 1.5333999999977976e-05], "find_bindings_prolog": [0.019652417000000033], "test": [0.045419875], "combine": [0.0035013340000000226], "add_cons": [4.2459000000050207e-05], "constrain": [0.0011832500000000246]}, "final_exec_time": 0.12262266700000002, "stages": [], "best_programs": [], "solution": {"code": "interval(97).\ninterval(77).\ninterval(82).\ninterval(72).\ninterval(75).\ninterval(94).\ninterval(81).\ninterval(78).\ninterval(73).\ninterval(90).\ninterval(96).\ninterval(84).\ninterval(76).\ninterval(79).\ninterval(83).\ninterval(86).\ninterval(93).\ninterval(87).", "is_solution": true, "conf_matrix": [18, 0, 28, 0], "total_exec_time": 0.119571292, "durations": [{"operation": "Test", "called": 1, "total": 0.045419875, "mean": 0.045419875, "maximum": 0.045419875, "__type__": "DurationSummary"}, {"operation": "Find_Bindings_Prolog", "called": 1, "total": 0.019652417000000033, "mean": 0.019652417000000033, "maximum": 0.019652417000000033, "__type__": "DurationSummary"}, {"operation": "Generate", "called": 1, "total": 0.0008669999999999511, "mean": 0.0008669999999999511, "maximum": 0.0008669999999999511, "__type__": "DurationSummary"}], "__type__": "ProgramStats"}, "is_solution": true, "stats_file": "./results/interval/magicpopper/9/stats.json", "end": true, "__type__": "Stats"}