{"problem_name": "zendo1", "system_id": ["numericalpopper"], "system_name": "popper", "trial": 0, "solution": "zendo(A):- piece(A,B),contact(B,D),size(D,C),geq(C,3.76).", "total_exec_time": 7.061428459, "conf_matrix": [998, 2, 1000, 0], "extra_stats": {"log_best_programs": true, "num_literals": 0, "total_programs": 37, "total_rules": 0, "total_ground_rules": 0, "durations": {"generate": [0.04696795800000009, 0.00527449999999996, 0.03444908300000005, 0.0010380830000000785, 0.0059601660000003776, 0.002199083000000268, 0.01778308300000031, 0.0026200840000001335, 0.014069666999999786, 0.3911437499999999, 0.04625974999999993, 0.004211082999999505, 0.00224220800000019, 0.0037834999999999397, 0.005888249999999928, 0.11941587499999962, 0.4167353330000001, 0.197600542, 0.001258458000000573, 0.046091083999999505, 0.0008504999999994212, 0.0007430839999997829, 0.000814125000000665, 0.007905832999999696, 0.003011083000000525, 0.0008087079999992142, 0.0011428749999993215, 0.001289041999999796, 0.014188791000000478, 0.001933375000000126, 0.006146415999999988, 0.0024292499999996053, 0.021555790999999935, 0.012138750000000087, 0.0013468329999994921, 0.0026001669999997645, 0.0012266670000000701, 1.003317], "find_bindings_prolog": [0.026297083, 0.000795167000000041, 0.010748041000000041, 0.00804833299999963, 0.002110791000000223, 0.0008522910000001716, 0.0008181660000001756, 0.0008621670000001913, 0.0009169579999999122, 0.007017916999999763, 0.0071578340000000296, 0.02436116700000035, 0.0070238330000007565, 0.003668292000000406, 0.003754959000000113, 0.0007644580000008006, 0.009132291999999431, 0.0007268329999998713, 0.009003834000000488, 0.0007227920000003607, 0.0005931660000007, 0.0006948750000006498, 0.007735166999999876, 0.010018875000000094, 0.008027874999999796, 0.007737500000000175, 0.00360325000000028, 0.0031608329999999185], "test": [0.026734333000000055, 0.0010832920000000135, 2.962081875, 0.10348829199999976, 0.003103915999999707, 0.0011553749999997365, 0.0013176670000003554, 0.0014355410000002067, 0.0015363749999997012, 0.0011538330000000485, 0.058526125000000206, 0.02431862500000026, 0.04026791699999954, 0.05983241599999989, 0.0011000409999999405, 0.0009321669999993176, 0.001076333000000318, 0.03908879199999937, 0.041601250000000256, 0.001412874999999758, 0.05583470900000087, 0.001335749999999969, 0.09305462500000061, 0.0013580000000006365, 0.0011606670000006147, 0.0009900000000007125, 0.0010547920000005817, 0.0012057499999995613, 0.12238362499999944, 0.14587254100000013, 0.07025425000000052, 0.10134341599999974, 0.0010289580000000242, 0.0011762080000004005, 0.0015616670000007105, 0.03341900000000031, 0.11750670800000051], "combine": [4.580000000364848e-07, 3.7500000005241674e-07, 0.0049391669999998555, 5.830000002760016e-07, 0.005430999999999742, 4.1699999986377634e-07, 4.1699999986377634e-07, 4.160000002251252e-07, 5.829999998319124e-07, 4.1699999986377634e-07, 5.420000004363601e-07, 5.419999995481817e-07, 5.000000005139782e-07, 5.410000003536197e-07, 4.580000005915963e-07, 4.1699999986377634e-07, 4.5900000067433666e-07, 6.250000001983835e-07, 5.410000003536197e-07, 4.1599999978103597e-07, 5.830000002760016e-07, 4.1699999986377634e-07, 4.999999996257998e-07, 4.5799999970341787e-07, 4.5899999978615824e-07, 4.580000005915963e-07, 4.999999996257998e-07, 4.5799999970341787e-07, 1.415999999920814e-06, 0.004008041000000517, 5.419999995481817e-07, 0.0022223749999996656, 6.250000001983835e-07, 5.000000005139782e-07, 4.999999996257998e-07, 5.410000003536197e-07, 0.004462791999999993], "add_cons": [6.116599999994587e-05, 5.045800000003098e-05, 3.866600000002052e-05, 4.599999999976845e-05, 4.300000000023729e-05, 5.962500000000759e-05, 6.379100000009075e-05, 0.0003172079999997912, 7.05830000002905e-05, 5.5624999999892566e-05, 4.0166999999868835e-05, 3.879099999970492e-05, 4.0374999999315264e-05, 4.325000000005019e-05, 6.304199999984661e-05, 6.025000000065006e-05, 5.7167000000468704e-05, 5.154099999948869e-05, 4.912500000031628e-05, 7.354099999989927e-05, 4.808300000025412e-05, 7.066699999924708e-05, 4.508399999991752e-05, 7.337499999948704e-05, 6.554099999966922e-05, 6.358300000020023e-05, 6.575000000008657e-05, 7.183400000077e-05, 0.00018008300000005306, 8.537499999938802e-05, 8.408299999995705e-05, 8.141699999963947e-05, 6.920800000020932e-05, 6.874999999961773e-05, 6.58329999998486e-05, 4.5917000000450514e-05, 4.112500000008623e-05], "constrain": [0.006441582999999973, 0.001893707999999994, 0.01759304100000003, 0.006084749999999861, 0.008885833000000343, 0.010569999999999968, 0.003659959000000157, 0.006351416999999859, 0.003717291000000067, 0.0015548330000001442, 0.0033295420000003517, 0.0029873340000001747, 0.0031531670000006784, 0.002773333999999572, 0.002727249999999515, 0.0015339590000005288, 0.0015607499999994445, 0.017971499999999807, 0.006305541999999775, 0.012740500000000488, 0.006106958000000162, 0.012818709000000261, 0.006310916999999527, 0.012865125000000255, 0.005481542000000061, 0.005119958999999952, 0.012526792000000064, 0.011825041999999897, 0.015934208000000005, 0.01448812499999974, 0.015235333999999767, 0.014042416999999752, 0.005493125000000099, 0.005597708999999895, 0.005817500000000031, 0.006155291999999868, 0.00609887500000017], "find_bindings_z3": [2.9136960000000003, 0.0945211669999999, 0.05075845899999987, 0.0164458750000005, 0.015204291999999953, 0.05203462500000011, 0.03452533299999949, 0.03705341700000009, 0.045632832999999984, 0.08302575000000001, 0.02935579200000049, 0.02453020799999983, 0.03380891599999991, 0.02565766699999994, 0.03526108299999997, 0.006010082999999611, 0.05680700000000005, 0.035229582999999565, 0.008343250000000246, 0.026865625000000115, 0.025865334000000573, 0.026876167000000173, 0.04008608300000027, 0.024372667000000625, 0.029150249999999822, 0.11224429200000063], "loop": [6.881923416999999]}, "final_exec_time": 7.061428459, "stages": [], "best_programs": [], "solution": {"code": "zendo(A):- piece(A,B),contact(B,D),size(D,C),geq(C,3.76).", "is_solution": true, "conf_matrix": [30, 0, 30, 0], "total_exec_time": 6.046250084, "durations": [{"operation": "Test", "called": 37, "total": 4.121787706000004, "mean": 0.11139966772972983, "maximum": 2.962081875, "__type__": "DurationSummary"}, {"operation": "Find_Bindings_Z3", "called": 26, "total": 3.883361751000002, "mean": 0.14936006734615392, "maximum": 2.9136960000000003, "__type__": "DurationSummary"}, {"operation": "Generate", "called": 37, "total": 1.445122829999998, "mean": 0.03905737378378373, "maximum": 0.4167353330000001, "__type__": "DurationSummary"}, {"operation": "Constrain", "called": 36, "total": 0.27765404700000007, "mean": 0.007712612416666669, "maximum": 0.017971499999999807, "__type__": "DurationSummary"}, {"operation": "Find_Bindings_Prolog", "called": 28, "total": 0.16635474900000424, "mean": 0.005941241035714437, "maximum": 0.026297083, "__type__": "DurationSummary"}, {"operation": "Combine", "called": 36, "total": 0.016617247000001445, "mean": 0.0004615901944444846, "maximum": 0.005430999999999742, "__type__": "DurationSummary"}, {"operation": "Add_Cons", "called": 36, "total": 0.00250795399999848, "mean": 6.966538888884667e-05, "maximum": 0.0003172079999997912, "__type__": "DurationSummary"}], "__type__": "ProgramStats"}, "is_solution": true, "stats_file": "./results/zendo1/numericalpopper/0/stats.json", "end": true, "__type__": "Stats"}, "parameter": null, "__typ__": "ExperimentResult"}