{"problem_name": "memberbetween", "system_id": ["numericalpopper"], "system_name": "popper", "trial": 9, "solution": "f(A):- head(A,D),leq(D,54),geq(D,47).\nf(A):- tail(A,B),f(B).", "total_exec_time": 2.040418833, "conf_matrix": [972, 28, 1000, 0], "extra_stats": {"log_best_programs": true, "num_literals": 0, "total_programs": 127, "total_rules": 0, "total_ground_rules": 0, "durations": {"generate": [0.0008451250000000021, 0.0009720839999999287, 0.0027741249999999607, 0.0009845840000000106, 0.0007633750000000106, 0.0025839579999999973, 0.0007712500000000011, 0.00057395799999993, 0.0008292500000000036, 0.02578141700000003, 0.002019083000000088, 0.0008973330000000557, 0.0009276670000000209, 0.0006017500000000675, 0.0008061659999999415, 0.0010076250000000675, 0.0004642919999999773, 0.0005133749999999271, 0.001771500000000037, 0.002172791999999979, 0.0005851669999999976, 0.0004764579999999574, 0.0019135419999999348, 0.0004622499999999974, 0.003089790999999953, 0.0012467499999999632, 0.0037106249999999674, 0.00232275000000004, 0.0006289999999999907, 0.0009501250000000239, 0.001097291999999972, 0.0005478749999999755, 0.0014075410000000677, 0.0005172079999999912, 0.015824665999999987, 0.02423025000000001, 0.002588166000000003, 0.001072000000000184, 0.0036302079999999126, 0.0005763749999998513, 0.004853165999999964, 0.0012925420000000631, 0.0005411670000001756, 0.0010819999999998053, 0.004154792000000018, 0.0019163749999999702, 0.0006432089999999224, 0.000640082999999958, 0.0005281250000002125, 0.0005794159999998882, 0.0005074579999999607, 0.0008102089999999507, 0.0009246670000000456, 0.000560958999999972, 0.0007770420000001721, 0.0037932499999999703, 0.0008685419999998611, 0.0014787079999998287, 0.004300125000000099, 0.00046129100000014134, 0.0004811250000000822, 0.0004893329999999807, 0.0011461669999999202, 0.0005013329999998817, 0.0004846250000001273, 0.00051787499999989, 0.0005507499999999332, 0.000488083000000028, 0.0005694580000001892, 0.0005287499999999667, 0.006929334000000065, 0.0004949579999999898, 0.0012087080000000583, 0.0004808329999999028, 0.0004794580000000437, 0.000582834000000032, 0.000595750000000006, 0.0004243340000000817, 0.0007514579999998716, 0.00038862499999980926, 0.0006657919999999429, 0.0005092909999999673, 0.0005541250000000719, 0.0005683329999999209, 0.0019802909999999674, 0.0005003329999999639, 0.0005946250000001818, 0.007302792000000169, 0.0005441250000000064, 0.0004975409999998792, 0.0004877079999998646, 0.0004962499999998649, 0.0004717919999999154, 0.0005282920000000413, 0.004636124999999991, 0.0008537909999999371, 0.0007377499999998705, 0.0005457909999999622, 0.0004925420000001512, 0.00047716600000002884, 0.0015075419999999173, 0.0006296659999998067, 0.0017261670000001672, 0.0005214159999999968, 0.0004538339999999863, 0.0005475839999999899, 0.0004299160000000857, 0.0010922079999999834, 0.0006294580000001382, 0.0007450829999999797, 0.0005604580000000414, 0.000508082999999937, 0.0004607920000001542, 0.07601537499999989, 0.005315584000000095, 0.0012728750000001732, 0.0008174169999999314, 0.0005741249999999809, 0.001598208000000323, 0.0008277919999999384, 0.0008853339999999044, 0.0005873339999999949, 0.0032739589999999374, 0.006873083999999974, 0.00046420799999991047, 0.008598207999999996, 0.0011192910000001888, 0.008534457999999745], "test": [0.032944958000000024, 0.0008725000000000538, 0.0010679580000000355, 0.04028525000000005, 0.016593083000000064, 0.0005447920000000162, 0.0022842079999999543, 0.0005648750000000202, 0.0007082499999999659, 0.006077583000000053, 0.0006485830000000359, 0.0017644169999999626, 0.027987834000000045, 0.0174129999999999, 0.0006102500000000344, 0.0010014999999999885, 0.0004954590000000314, 0.0005949170000000281, 0.000516415999999964, 0.05047541699999991, 0.014372000000000051, 0.009708582999999993, 0.009822792000000025, 0.02062133300000002, 0.019731041999999976, 0.01668654199999997, 0.0006060409999999461, 0.0005087500000000578, 0.0009063750000000148, 0.0006083749999999943, 0.0013638750000000144, 0.0030477080000000933, 0.0016066249999999727, 0.0006069589999999625, 0.0005313340000000499, 0.01992637500000005, 0.020909040999999906, 0.015104250000000041, 0.046990166000000055, 0.01785429099999991, 0.015717374999999922, 0.03718216699999988, 0.03707129099999995, 0.023072583000000035, 0.0007903750000000098, 0.0008071250000001307, 0.0005852500000000926, 0.000567416999999848, 0.0007513329999999652, 0.0006441669999999178, 0.0006751250000001097, 0.0009294170000000435, 0.0006485000000000518, 0.0007410840000001695, 0.000785875000000047, 0.0007287080000000223, 0.0012240420000000363, 0.0006515000000000271, 0.013268999999999975, 0.00989316699999998, 0.010389250000000017, 0.012953041000000054, 0.008424958999999843, 0.006604166000000022, 0.008917416999999928, 0.007120167000000066, 0.00861674999999984, 0.012891459000000216, 0.006859041999999871, 0.009579207999999895, 0.020267166999999864, 0.013641167000000065, 0.0006702920000001278, 0.0007064589999998816, 0.0006566669999998886, 0.0006860840000000312, 0.0005349999999999522, 0.0005152920000000005, 0.0005632909999999658, 0.00046983299999991956, 0.01218220900000011, 0.007854875000000039, 0.009053457999999903, 0.006176292000000139, 0.020881292000000107, 0.03693541599999994, 0.014095457999999894, 0.0006480420000001264, 0.0006516659999999952, 0.0005465000000000053, 0.0006108750000000107, 0.0006371250000001272, 0.0006583749999999888, 0.0007707919999999646, 0.000848082999999944, 0.0006471249999999706, 0.038809541, 0.0005826250000000588, 0.018494792000000038, 0.00501191599999995, 0.0006755830000000351, 0.000612415999999838, 0.0007232909999999038, 0.000581874999999954, 0.0005281669999999128, 0.0005150000000000432, 0.0005029169999999361, 0.031156375000000125, 0.011825667000000095, 0.0007650409999999663, 0.0007704999999997852, 0.0008209170000001986, 0.0005928750000001592, 0.000988709000000032, 0.06646729199999979, 0.04021245800000006, 0.0010178749999996128, 0.0008664169999996751, 0.06578704099999966, 0.03984529200000031, 0.001013957999999704, 0.000975166999999999, 0.001004709000000048, 0.000983750000000061, 0.0007717499999997379, 0.04292908299999976, 0.12955991599999983],