{"log_best_programs": true, "num_literals": 0, "total_programs": 7, "total_rules": 0, "total_ground_rules": 0, "durations": {"generate": [0.0036672079999999774, 0.006684250000000058, 0.0033409170000000543, 0.0020215829999999935, 0.0015217090000001487, 0.048648833999999974, 0.027752292000000178], "find_bindings_prolog": [0.04687179100000005, 0.0011906250000000007, 0.0012437909999999386, 0.020488457999999987, 0.017571750000000108, 0.007313416999999989, 0.0016764999999998587], "test": [0.17501808399999996, 0.0017362499999999947, 0.001695000000000002, 0.09920550000000006, 0.10999737500000006, 0.04273129200000003, 0.0033167089999999178], "combine": [0.008022917000000018, 6.660000000380251e-07, 7.499999999938112e-07, 0.0037979160000000123, 0.004200750000000086, 7.920000000272154e-07], "add_cons": [0.00011574999999997004, 8.204199999994888e-05, 8.724999999998317e-05, 5.499999999991623e-05, 6.67500000000043e-05, 0.00010154199999989899], "constrain": [0.03346404199999997, 0.009846915999999983, 0.0030267080000000446, 0.016605874999999992, 0.0027942919999999205, 0.059437916000000035]}, "final_exec_time": 0, "stages": [], "best_programs": [], "solution": {"code": "zendo(A):- magic(7.65),piece(A,B),position(B,7.65,1.13),magic(1.13).\nzendo(A):- magic(3.9),piece(A,B),rotation(B,3.9).\nzendo(A):- piece(A,B),rotation(B,4.06),magic(4.06).\nzendo(A):- magic(3.87),piece(A,B),size(B,3.87).\nzendo(A):- piece(A,B),magic(0.19),rotation(B,0.19).\nzendo(A):- piece(A,B),rotation(B,3.63),magic(3.63).\nzendo(A):- magic(4.23),piece(A,B),rotation(B,4.23).\nzendo(A):- piece(A,C),magic(red),contact(C,D),color(D,red).\nzendo(A):- magic(2.5),piece(A,B),position(B,2.5,0.98),magic(0.98).\nzendo(A):- piece(A,B),rotation(B,3.75),magic(3.75).\nzendo(A):- piece(A,B),position(B,7.32,0.96),magic(0.96),magic(7.32).\nzendo(A):- magic(4.83),piece(A,B),size(B,4.83).\nzendo(A):- magic(5.45),piece(A,B),position(B,5.45,0.43),magic(0.43).\nzendo(A):- piece(A,B),position(B,4.7,1.53),magic(1.53),magic(4.7).\nzendo(A):- piece(A,B),position(B,0.78,1.04),magic(1.04),magic(0.78).\nzendo(A):- piece(A,B),position(B,0.26071756819773934,0.04424845756256045),magic(0.04424845756256045),magic(0.26071756819773934).\nzendo(A):- piece(A,B),magic(3.56),position(B,3.56,7.63),magic(7.63).", "is_solution": true, "conf_matrix": [30, 0, 30, 0], "total_exec_time": 0.841320584, "durations": [{"operation": "Test", "called": 7, "total": 0.43370021000000003, "mean": 0.06195717285714286, "maximum": 0.17501808399999996, "__type__": "DurationSummary"}, {"operation": "Constrain", "called": 6, "total": 0.12517574899999995, "mean": 0.020862624833333326, "maximum": 0.059437916000000035, "__type__": "DurationSummary"}, {"operation": "Find_Bindings_Prolog", "called": 7, "total": 0.09635633199999993, "mean": 0.013765190285714277, "maximum": 0.04687179100000005, "__type__": "DurationSummary"}, {"operation": "Generate", "called": 7, "total": 0.09363679300000038, "mean": 0.01337668471428577, "maximum": 0.048648833999999974, "__type__": "DurationSummary"}, {"operation": "Combine", "called": 6, "total": 0.016023791000000176, "mean": 0.0026706318333333625, "maximum": 0.008022917000000018, "__type__": "DurationSummary"}, {"operation": "Add_Cons", "called": 6, "total": 0.0005083339999997216, "mean": 8.472233333328694e-05, "maximum": 0.00011574999999997004, "__type__": "DurationSummary"}], "__type__": "ProgramStats"}, "is_solution": true, "stats_file": "./results/zendo4/magicpopper/1/stats.json", "end": false, "__type__": "Stats"}