{"problem_name": "halfplane", "system_id": ["magicpopper"], "system_name": "popper", "trial": 2, "solution": "halfplane(A,B):- my_add(B,A,C),my_geq(B,C).", "total_exec_time": 1.664009875, "conf_matrix": [988, 12, 993, 7], "extra_stats": {"log_best_programs": true, "num_literals": 0, "total_programs": 116, "total_rules": 0, "total_ground_rules": 0, "durations": {"generate": [0.0008077910000000021, 0.0009225419999999707, 0.00037891700000003414, 0.000381542000000068, 0.00038133300000009474, 0.008167707999999996, 0.0007898330000000175, 0.0008305419999999897, 0.0008229160000000624, 0.006143792000000037, 0.0004805829999999789, 0.0004793749999999486, 0.00043691700000003664, 0.0035034999999999927, 0.0004298329999999906, 0.00042883299999996183, 0.0004381249999999559, 0.0023857090000000136, 0.0004599170000000319, 0.00046879099999996843, 0.0009387079999999548, 0.0008147499999999752, 0.0010873750000000015, 0.01754566599999996, 0.0017478749999999543, 0.006874040999999997, 0.0012643329999999509, 0.0007667499999999272, 0.0007188330000000853, 0.0007801670000000538, 0.0034165830000001396, 0.0005067500000000003, 0.0004907499999999843, 0.00047995800000011357, 0.00047987499999990746, 0.00044966700000004245, 0.00045408400000002125, 0.0004345829999998774, 0.00044004100000005764, 0.0005371670000000606, 0.0005059160000000507, 0.0004931670000001276, 0.0005069159999999684, 0.0005353750000001156, 0.0004912079999999097, 0.0004872499999999391, 0.0009255839999999793, 0.0007016659999998787, 0.0007909999999999862, 0.0005319160000001322, 0.0005318750000000705, 0.0005198749999999475, 0.0004573749999998711, 0.000458540999999979, 0.000439416999999942, 0.00043850000000000833, 0.00044691700000010215, 0.0004416659999999517, 0.0004374169999998845, 0.0005883329999998299, 0.0005224999999999813, 0.000497624999999946, 0.0004782089999999517, 0.000477957999999834, 0.002707915999999866, 0.0012480420000000603, 0.0009488750000001822, 0.0009223750000000308, 0.0007389999999998231, 0.0006812080000000442, 0.0006392920000000135, 0.0006477080000000246, 0.001523500000000011, 0.0007778329999998945, 0.0008771249999999231, 0.0007571670000001696, 0.0006230000000000402, 0.0006161250000000784, 0.000651750000000062, 0.0006262499999998283, 0.0010025830000000013, 0.0004796249999998725, 0.0005370829999999938, 0.00046841699999999875, 0.0005457090000000608, 0.0004900409999999411, 0.000486208000000099, 0.0004615000000001146, 0.011059708999999973, 0.000723832999999896, 0.007521582999999943, 0.002777541000000161, 0.0007174170000001645, 0.011185917000000156, 0.0004877919999999314, 0.000483416999999875, 0.00047091599999982137, 0.0004900830000000855, 0.0005217499999998765, 0.000511750000000033, 0.0005110829999999122, 0.0004979169999999034, 0.0005047910000000044, 0.0005078329999999021, 0.00047387499999995697, 0.0005845840000000546, 0.00047799999999997844, 0.0004697080000000131, 0.005458667000000084, 0.000554208000000056, 0.0005117919999999554, 0.00048004199999995834, 0.00048016700000008683, 0.00047687500000015426, 0.0005486669999998917, 0.0005597079999999366, 0.010665541999999917], "find_bindings_prolog": [0.022780833, 0.006176708000000031, 0.005462917000000012, 0.005747208000000059, 0.005687709000000041, 0.001174333999999999, 0.0012635420000000064, 0.0043562500000000615, 0.003940207999999945, 0.004347207999999991, 0.004355582999999941, 0.0011130830000000147, 0.001129625000000023, 0.004961457999999919, 0.0041042500000000315, 0.0006824589999999686, 0.0006417920000000299, 0.0054969589999999124, 0.006208125000000009, 0.006211957999999962, 0.006122834000000021, 0.005888416999999979, 0.006276957999999944, 0.005416166999999916, 0.005405333000000123, 0.0006195840000000619, 0.0005816659999999807, 0.0005608749999999052, 0.0005654999999999966, 0.0005508750000000617, 0.0005534589999998119, 0.0005539169999999594, 0.000551750000000073, 0.00299279100000005, 0.0027859589999998935, 0.0030100829999999412, 0.002503082999999906, 0.0030164999999999775, 0.0028124170000001225, 0.0025518749999999812, 0.0029876250000000493, 0.007346124999999981, 0.00591800000000009, 0.006445166999999863, 0.005411790999999999, 0.006033999999999873, 0.006064791000000014, 0.00553554200000006, 0.005388541999999941, 0.005886749999999941, 0.005830749999999885, 0.005870041999999964, 0.00585458300000008, 0.005886499999999906, 0.006166915999999967, 0.00593508400000009, 0.006234250000000108, 0.003044041999999969, 0.0031540420000000235, 0.0030773330000000154, 0.003010583000000011, 0.002556957999999998, 0.0022108750000000565, 0.0021772500000001305, 0.0021668749999999015], "test": [0.05996375000000004, 0.0008947089999999935, 0.0008520410000000256, 0.0006519579999999525, 0.000804083000000011, 0.024577334000000062, 0.02461475000000002, 0.025573457999999993, 0.024636584000000017, 0.004098665999999973, 0.003646249999999962, 0.01758733300000004, 0.017600082999999933, 0.018333374999999985, 0.01890587499999996, 0.003862250000000067, 0.003608791999999972, 0.025249125000000094, 0.019937125, 0.0012227919999999726, 0.0008148749999999927, 0.0007664580000000809, 0.04028866599999992, 0.02969458299999994, 0.028298667000000055, 0.02819399999999994, 0.02835395900000004, 0.02867729200000002, 0.027637750000000016, 0.027654625000000044, 0.0007835419999999704, 0.0006950830000000963, 0.000669625000000007, 0.0006725830000000599, 0.0006585829999998793, 0.0006609579999998783, 0.0006600839999999497, 0.0006572500000001646, 0.014177749999999989, 0.011769125000000047, 0.013793375000000108, 0.01224291700000002, 0.014387917000000083, 0.012046582999999833, 0.011803082999999992, 0.014897833000000027, 0.0009982499999998673, 0.0009744999999998782, 0.0009590830000001382, 0.0009502079999998969, 0.0009842079999999864, 0.001007499999999828, 0.0010150830000001942, 0.0009454579999998991, 0.0009198750000001255, 0.001024791999999941, 0.0008659589999999717, 0.0008863749999998838, 0.0014423749999998847, 0.0008185830000000394, 0.000795416999999965, 0.0008509169999999511, 0.0008672499999999861, 0.000809958000000055, 0.03442791700000014, 0.03125825000000004, 0.03174754199999996, 0.02858887500000007, 0.028383167000000098, 0.029214166999999902, 0.02888037500000018, 0.02690279200000001, 0.028458207999999985, 0.02829741600000002, 0.028572749999999925, 0.0288599169999999, 0.029040667000000076, 0.029436499999999866, 0.027755792, 0.029435290999999975, 0.014456208000000137, 0.014371833, 0.015842750000000017, 0.013909791999999976, 0.009256541999999923, 0.01014074999999992, 0.009159042000000062, 0.009175790999999878, 0.0010667090000000545, 0.0008712500000001011, 0.0009005410000000325, 0.0010430420000000495, 0.001117875000000046, 0.0008796670000001949, 0.0009712079999999457, 0.000710291000000085, 0.0010400839999999967, 0.0009142079999999719, 0.0010157089999998092, 0.0010290829999999307, 0.0008310830000000102, 0.0007854590000000439, 0.000921624999999926, 0.0008601669999999118, 0.0009122089999999972, 0.0008802080000001045, 0.0007070410000000749, 0.0007008749999999342, 0.0007685420000000942, 0.000905707999999894, 0.0008742499999998543, 0.0009697500000001025, 0.0007080419999998533, 0.0008707910000000929, 0.001009124999999944, 0.0012882919999999132],