{"problem_name": "halfplane", "system_id": ["numericalpopper"], "system_name": "popper", "trial": 2, "solution": "halfplane(A,B):- leq(A,-11),leq(B,99).", "total_exec_time": 1.812807584, "conf_matrix": [890, 110, 1000, 0], "extra_stats": {"log_best_programs": true, "num_literals": 0, "total_programs": 33, "total_rules": 0, "total_ground_rules": 0, "durations": {"generate": [0.0043707080000000564, 0.0008809170000000366, 0.007200666000000022, 0.0017882919999999691, 0.0007063749999999258, 0.0006307079999999798, 0.00708041699999995, 0.0008286250000000273, 0.0005452080000000192, 0.0005263330000000455, 0.0016040840000000056, 0.0007900420000001018, 0.004596207999999935, 0.0006796250000000725, 0.0019533330000000015, 0.0017365839999999855, 0.001258541000000002, 0.0007257080000000471, 0.0007648330000000758, 0.0007831250000001067, 0.005952374999999899, 0.0007679159999998131, 0.001341374999999978, 0.0012432079999999956, 0.0007522499999998988, 0.0023388749999999625, 0.002100541999999983, 0.0007804579999999284, 0.0024940419999999186, 0.0025468750000001705, 0.15381883299999988, 0.0006287499999999557, 0.006688958000000245, 0.003922916000000054], "find_bindings_prolog": [0.017929375000000025, 0.0035155000000000047, 0.0038490000000001023, 0.003456208000000016, 0.003728541999999946, 0.0037000839999999924, 0.0036933749999999987, 0.003680291999999974, 0.003281124999999996, 0.003275958999999995, 0.003710916000000064, 0.003733832999999964, 0.0033591250000000183, 0.0037565840000000073, 0.0033582919999999294, 0.003449750000000029, 0.003529416999999979, 0.003356208999999999, 0.004367875000000021, 0.004315834000000018, 0.004270208000000109, 0.004319832999999829, 0.003796374999999852, 0.0037508749999999313, 0.003685417000000024, 0.003776792000000029, 0.003775416000000087, 0.0038547079999999845, 0.0033177920000000416, 0.0036705420000000544, 0.003734750000000009, 0.0033357080000000483, 0.0037591249999997522], "find_bindings_z3": [0.039070292000000006, 0.0300722080000001, 0.01194033300000008, 0.011271042000000064, 0.010525917000000051, 0.01127866700000002, 0.011785665999999972, 0.010836499999999916, 0.01152162499999998, 0.010826374999999944, 0.030469500000000038, 0.02963724999999995, 0.021757000000000026, 0.030112457999999953, 0.02197045799999997, 0.024280917000000013, 0.030829832999999973, 0.028368250000000095, 0.02458074999999993, 0.03381179099999998, 0.03247695900000003, 0.024907500000000082, 0.02463816699999999, 0.152502417, 0.028458915999999945, 0.03142666699999985, 0.024230332999999993, 0.031111957999999884, 0.02627949999999979, 0.1470699579999999, 0.0628446250000001, 0.06554149999999992, 0.13353812500000029], "test": [0.05762741599999999, 0.034038375000000065, 0.016554999999999986, 0.015323832999999953, 0.014906499999999934, 0.015562708000000036, 0.016081457999999937, 0.015135082999999994, 0.015365333000000092, 0.014675249999999918, 0.034695750000000025, 0.03389245900000004, 0.025599750000000032, 0.03436358399999995, 0.025798666999999997, 0.028228791999999947, 0.03487841599999997, 0.03222304099999995, 0.02944712500000013, 0.03862120799999991, 0.03773249999999995, 0.029787499999999856, 0.02897066699999984, 0.1806074580000001, 0.03266854100000005, 0.035737791000000074, 0.028578707999999953, 0.03550733400000006, 0.030078166000000017, 0.15235391700000012, 0.068225333, 0.07032804199999987, 0.13896679199999973], "combine": [7.07999999960407e-07, 6.670000000097431e-07, 7.090000000431473e-07, 7.07999999960407e-07, 5.840000000256751e-07, 5.419999999922709e-07, 6.670000000097431e-07, 5.419999999922709e-07, 7.07999999960407e-07, 6.249999999763389e-07, 6.660000000380251e-07, 7.499999999938112e-07, 7.499999999938112e-07, 6.249999999763389e-07, 5.419999999922709e-07, 7.090000000431473e-07, 6.670000000097431e-07, 6.670000001207654e-07, 7.07999999960407e-07, 8.330000000889015e-07, 7.500000001048335e-07, 7.499999998827889e-07, 8.339999999495973e-07, 0.004423124999999972, 7.07999999960407e-07, 6.670000001207654e-07, 1.0839999999845418e-06, 6.660000000380251e-07, 6.659999998159805e-07, 5.83000000053957e-07, 0.004311707999999914, 6.660000000380251e-07, 0.003926625000000072], "add_cons": [4.8750000000041815e-05, 4.0666999999938724e-05, 5.325000000000468e-05, 5.1833999999972846e-05, 4.491699999997767e-05, 4.750000000008914e-05, 6.570799999994215e-05, 4.56670000000825e-05, 5.100000000002325e-05, 5.3375000000022155e-05, 4.92080000000783e-05, 4.745800000005573e-05, 4.7207999999909767e-05, 5.133299999993124e-05, 4.974999999995955e-05, 5.104199999994563e-05, 5.362499999994608e-05, 4.9290999999840324e-05, 4.662499999996683e-05, 5.466700000011926e-05, 5.5166999999967103e-05, 5.374999999996355e-05, 5.1832999999890106e-05, 5.370800000004117e-05, 5.175000000012808e-05, 5.1707999999983656e-05, 6.20000000000065e-05, 4.679200000001771e-05, 5.1291999999980575e-05, 4.6457999999915955e-05, 5.033300000012453e-05, 8.533399999999247e-05, 4.92080000000783e-05], "constrain": [0.002169625000000064, 0.000325208999999993, 0.0032976249999999707, 0.0009310420000000486, 0.0008191250000000316, 0.0008319159999999881, 0.0008314160000000292, 0.0007330420000000171, 0.0007479999999999709, 0.0008232500000000531, 0.001142207999999978, 0.0009590000000000432, 0.0007804580000000394, 0.0007530409999999543, 0.0010306249999999517, 0.0007989590000000435, 0.0007420830000000045, 0.0006730829999999077, 0.0007690840000000865, 0.000867500000000021, 0.0012241250000000203, 0.0007587500000001413, 0.0007290839999998244, 0.0009997919999999993, 0.0010062500000000973, 0.0007402079999998534, 0.0007599590000000322, 0.0006553750000000136, 0.000733707999999833, 0.0006636669999999789, 0.0007347919999998176, 0.0014390830000001742, 0.0007074590000000214], "loop": [1.674037959]}, "final_exec_time": 1.812807584, "stages": [], "best_programs": [], "solution": {"code": "halfplane(A,B):- leq(A,-11),leq(B,99).", "is_solution": true, "conf_matrix": [30, 0, 30, 0], "total_exec_time": 1.8044045420000001, "durations": [{"operation": "Test", "called": 33, "total": 1.4025624969999995, "mean": 0.04250189384848483, "maximum": 0.1806074580000001, "__type__": "DurationSummary"}, {"operation": "Find_Bindings_Z3", "called": 33, "total": 1.2199734569999998, "mean": 0.03696889263636363, "maximum": 0.152502417, "__type__": "DurationSummary"}, {"operation": "Generate", "called": 33, "total": 0.220904789, "mean": 0.006694084515151515, "maximum": 0.15381883299999988, "__type__": "DurationSummary"}, {"operation": "Find_Bindings_Prolog", "called": 33, "total": 0.13609483599999983, "mean": 0.004124085939393935, "maximum": 0.017929375000000025, "__type__": "DurationSummary"}, {"operation": "Constrain", "called": 32, "total": 0.03047108399999998, "mean": 0.0009522213749999994, "maximum": 0.0032976249999999707, "__type__": "DurationSummary"}, {"operation": "Combine", "called": 32, "total": 0.008755583999999983, "mean": 0.00027361199999999947, "maximum": 0.004423124999999972, "__type__": "DurationSummary"}, {"operation": "Add_Cons", "called": 32, "total": 0.001662999999999859, "mean": 5.1968749999995595e-05, "maximum": 8.533399999999247e-05, "__type__": "DurationSummary"}], "__type__": "ProgramStats"}, "is_solution": true, "stats_file": "./results/halfplane/numericalpopper/2/stats.json", "end": true, "__type__": "Stats"}, "parameter": null, "__typ__": "ExperimentResult"}