{"log_best_programs": true, "num_literals": 0, "total_programs": 1, "total_rules": 0, "total_ground_rules": 0, "durations": {"generate": [0.0003723339999999742, 1.6332999999979503e-05], "find_bindings_prolog": [0.01980700000000002], "test": [0.05140708300000002], "combine": [0.003868083000000022], "add_cons": [4.491699999997767e-05], "constrain": [0.001247250000000033]}, "final_exec_time": 0.128918584, "stages": [], "best_programs": [], "solution": {"code": "interval(81).\ninterval(72).\ninterval(71).\ninterval(88).\ninterval(73).\ninterval(78).\ninterval(86).\ninterval(82).\ninterval(94).\ninterval(95).\ninterval(75).\ninterval(87).\ninterval(90).\ninterval(79).\ninterval(85).\ninterval(76).\ninterval(84).", "is_solution": true, "conf_matrix": [17, 0, 24, 0], "total_exec_time": 0.12453945899999996, "durations": [{"operation": "Test", "called": 1, "total": 0.05140708300000002, "mean": 0.05140708300000002, "maximum": 0.05140708300000002, "__type__": "DurationSummary"}, {"operation": "Find_Bindings_Prolog", "called": 1, "total": 0.01980700000000002, "mean": 0.01980700000000002, "maximum": 0.01980700000000002, "__type__": "DurationSummary"}, {"operation": "Generate", "called": 1, "total": 0.0003723339999999742, "mean": 0.0003723339999999742, "maximum": 0.0003723339999999742, "__type__": "DurationSummary"}], "__type__": "ProgramStats"}, "is_solution": true, "stats_file": "./results/interval/magicpopper/1/stats.json", "end": true, "__type__": "Stats"}