{"log_best_programs": true, "num_literals": 0, "total_programs": 33, "total_rules": 0, "total_ground_rules": 0, "durations": {"generate": [0.005015500000000062, 0.0011984579999999578, 0.00777966699999999, 0.0020276670000000108, 0.0006963340000000207, 0.0006223330000000304, 0.008170707999999971, 0.0007014170000000375, 0.0005858329999999246, 0.0006076670000000339, 0.001589375000000004, 0.000760165999999951, 0.004541832999999995, 0.0006979169999999923, 0.002054541000000021, 0.0019179590000000246, 0.0013104999999999922, 0.0006956249999998665, 0.000695749999999995, 0.000711416999999992, 0.0055244159999998654, 0.0007214590000002019, 0.0011705000000001853, 0.0010630419999999585, 0.0006785830000000104, 0.002353916999999983, 0.0020622919999999656, 0.0006266249999999918, 0.0025589589999999163, 0.002614582999999948, 0.14362391600000013, 0.0015971669999998994, 0.015887874999999774, 0.004100374999999712], "find_bindings_prolog": [0.018483250000000062, 0.0035412089999999896, 0.0038218749999999746, 0.003735958000000039, 0.003681500000000004, 0.003253124999999968, 0.0037074169999999906, 0.0032252500000000683, 0.0036519999999999886, 0.0036197079999999993, 0.00365866700000006, 0.0036467079999999985, 0.0033096660000000444, 0.003695416000000007, 0.0032786249999999795, 0.0036929169999999623, 0.003695000000000004, 0.003438749999999935, 0.003378584000000018, 0.003710749999999985, 0.003677207999999821, 0.0036192080000001514, 0.0033199170000000056, 0.0032544580000000156, 0.0032724159999999447, 0.003716875000000064, 0.0036599999999999966, 0.003374250000000023, 0.0036928330000001175, 0.003308709000000132, 0.0037395000000000067, 0.0033279170000000136, 0.0037497919999998075], "find_bindings_z3": [0.07642833300000007, 0.047873791, 0.011888917000000054, 0.011721124999999999, 0.011104584000000028, 0.011360166999999977, 0.011737541000000018, 0.010585708000000027, 0.011636957999999975, 0.011561916000000005, 0.02282237500000006, 0.02309879200000009, 0.023614334000000015, 0.02275466599999998, 0.029001874999999955, 0.023337624999999917, 0.022967083000000166, 0.029278708000000098, 0.022953041999999924, 0.022659707999999945, 0.029679542000000003, 0.029205625000000124, 0.03053550000000005, 0.16670816600000005, 0.028649040999999986, 0.022925207999999975, 0.022522042000000075, 0.02933804200000001, 0.027438083000000058, 0.15699525000000003, 0.041935915999999906, 0.04061883299999991, 0.14972562499999986], "test": [0.11869300000000005, 0.05286425000000006, 0.016462792000000004, 0.016116416999999994, 0.015423541999999957, 0.015173290999999978, 0.01607808299999991, 0.014368999999999965, 0.015905249999999982, 0.015798459000000098, 0.02698575000000003, 0.02725858399999992, 0.027403332999999974, 0.026963999999999988, 0.032744207999999886, 0.02755766600000009, 0.027183417000000043, 0.03320774999999987, 0.026808208999999916, 0.026890042000000003, 0.03387720900000013, 0.03332770800000007, 0.03432512500000007, 0.17178000000000004, 0.03239225000000001, 0.02716729200000012, 0.02667883300000007, 0.03318383300000005, 0.03162387499999997, 0.16202241699999997, 0.04635466700000013, 0.04453333399999981, 0.15575337499999975], "combine": [0.004984583000000042, 6.249999999763389e-07, 7.499999999938112e-07, 6.670000000097431e-07, 5.829999999429347e-07, 6.670000000097431e-07, 6.670000000097431e-07, 6.659999999270028e-07, 6.670000000097431e-07, 6.249999999763389e-07, 6.670000000097431e-07, 7.07999999960407e-07, 7.090000000431473e-07, 7.080000000714293e-07, 6.669999998987208e-07, 7.500000001048335e-07, 7.500000001048335e-07, 3.5000000000451337e-06, 6.249999999763389e-07, 6.249999999763389e-07, 7.080000001824516e-07, 5.839999999146528e-07, 6.660000000380251e-07, 0.0054262080000000434, 7.090000000431473e-07, 6.669999998987208e-07, 7.080000001824516e-07, 6.670000001207654e-07, 7.07999999960407e-07, 6.249999999763389e-07, 7.920000000272154e-07, 7.909999997224304e-07, 0.005301708999999821], "add_cons": [5.84590000000107e-05, 4.4124999999950454e-05, 5.312499999998721e-05, 5.3167000000020614e-05, 4.679200000001771e-05, 5.229100000003761e-05, 5.2041999999974387e-05, 5.049999999995336e-05, 5.350000000003963e-05, 5.270800000001241e-05, 5.100000000002325e-05, 5.395900000004783e-05, 5.1250000000058193e-05, 5.645799999998147e-05, 5.841599999989455e-05, 5.1374999999964643e-05, 5.2874999999952266e-05, 4.566699999997148e-05, 4.604100000005218e-05, 5.133300000004226e-05, 5.312499999998721e-05, 4.6875000000001776e-05, 4.6750000000095326e-05, 4.816700000009888e-05, 5.133300000004226e-05, 5.0541000000015046e-05, 5.0874999999894754e-05, 4.795799999990358e-05, 5.2874999999952266e-05, 5.0542000000097786e-05, 6.283399999995609e-05, 5.5874999999705466e-05, 5.5583999999608835e-05], "constrain": [0.0023097919999999217, 0.00037358300000001066, 0.0034517499999999757, 0.0009276669999999099, 0.0008201670000000938, 0.0009322920000000012, 0.000814541000000002, 0.0008227080000000608, 0.0008181250000000029, 0.0008197079999999746, 0.001133708000000011, 0.00108870899999991, 0.0008557909999999946, 0.0007417499999999855, 0.0010527080000000133, 0.0008555829999998821, 0.0007437910000001047, 0.0006553750000000136, 0.0007569999999998966, 0.0008494169999999635, 0.0010322500000001789, 0.0006591249999998716, 0.0006487090000000251, 0.0008990419999999055, 0.0009961670000000478, 0.0007234160000000323, 0.0007319999999999549, 0.0006604169999999687, 0.0007272080000000347, 0.0007308329999999863, 0.000827499999999981, 0.0008167080000003324, 0.0007970840000002255], "loop": [1.689421125]}, "final_exec_time": 1.8323492089999998, "stages": [], "best_programs": [], "solution": {"code": "halfplane(A,B):- leq(A,-4),leq(B,98).", "is_solution": true, "conf_matrix": [30, 0, 30, 0], "total_exec_time": 1.822925459, "durations": [{"operation": "Test", "called": 33, "total": 1.412906961, "mean": 0.04281536245454545, "maximum": 0.17178000000000004, "__type__": "DurationSummary"}, {"operation": "Find_Bindings_Z3", "called": 33, "total": 1.2346641210000002, "mean": 0.03741406427272728, "maximum": 0.16670816600000005, "__type__": "DurationSummary"}, {"operation": "Generate", "called": 33, "total": 0.2228640009999997, "mean": 0.0067534545757575665, "maximum": 0.14362391600000013, "__type__": "DurationSummary"}, {"operation": "Find_Bindings_Prolog", "called": 33, "total": 0.13193945800000018, "mean": 0.003998165393939399, "maximum": 0.018483250000000062, "__type__": "DurationSummary"}, {"operation": "Constrain", "called": 32, "total": 0.030277540000000047, "mean": 0.0009461731250000015, "maximum": 0.0034517499999999757, "__type__": "DurationSummary"}, {"operation": "Combine", "called": 32, "total": 0.010434042000000199, "mean": 0.0003260638125000062, "maximum": 0.0054262080000000434, "__type__": "DurationSummary"}, {"operation": "Add_Cons", "called": 32, "total": 0.0016528329999997426, "mean": 5.165103124999196e-05, "maximum": 6.283399999995609e-05, "__type__": "DurationSummary"}], "__type__": "ProgramStats"}, "is_solution": true, "stats_file": "./results/halfplane/numericalpopper/4/stats.json", "end": true, "__type__": "Stats"}