{"log_best_programs": true, "num_literals": 0, "total_programs": 1, "total_rules": 0, "total_ground_rules": 0, "durations": {"generate": [0.00043733400000001144, 3.175000000005257e-05], "find_bindings_prolog": [0.014902417000000001], "find_bindings_z3": [0.058385834000000025], "test": [0.09456799999999999], "combine": [0.004420625000000011], "add_cons": [4.3709000000002884e-05], "constrain": [0.0012480420000000048]}, "final_exec_time": 0.14550045899999997, "stages": [], "best_programs": [], "solution": {"code": "interval(A):- geq(A,71).", "is_solution": true, "conf_matrix": [18, 0, 29, 0], "total_exec_time": 0.140891084, "durations": [{"operation": "Test", "called": 1, "total": 0.09456799999999999, "mean": 0.09456799999999999, "maximum": 0.09456799999999999, "__type__": "DurationSummary"}, {"operation": "Find_Bindings_Z3", "called": 1, "total": 0.058385834000000025, "mean": 0.058385834000000025, "maximum": 0.058385834000000025, "__type__": "DurationSummary"}, {"operation": "Find_Bindings_Prolog", "called": 1, "total": 0.014902417000000001, "mean": 0.014902417000000001, "maximum": 0.014902417000000001, "__type__": "DurationSummary"}, {"operation": "Generate", "called": 1, "total": 0.00043733400000001144, "mean": 0.00043733400000001144, "maximum": 0.00043733400000001144, "__type__": "DurationSummary"}], "__type__": "ProgramStats"}, "is_solution": true, "stats_file": "./results/interval/numsynth/5/stats.json", "end": true, "__type__": "Stats"}