{"log_best_programs": true, "num_literals": 0, "total_programs": 1, "total_rules": 0, "total_ground_rules": 0, "durations": {"generate": [0.0019597090000000317], "find_bindings_prolog": [0.020850000000000035], "test": [0.08369649999999995]}, "final_exec_time": 0, "stages": [], "best_programs": [], "solution": {"code": "zendo(A):- piece(A,B),position(B,3.86,2.31),magic(3.86),magic(2.31).\nzendo(A):- piece(A,B),position(B,0.02,0.05),magic(0.05),magic(0.02).\nzendo(A):- piece(A,B),position(B,3.231736689796079,0.958382015116699),magic(0.958382015116699),magic(3.231736689796079).\nzendo(A):- piece(A,B),position(B,2.69,2.91),magic(2.69),magic(2.91).\nzendo(A):- piece(A,B),position(B,1.9878369960806013,0.006892913129316923),magic(1.9878369960806013),magic(0.006892913129316923).\nzendo(A):- piece(A,B),position(B,1.72,6.39),magic(1.72),magic(6.39).\nzendo(A):- piece(A,B),position(B,2.36,7.24),magic(2.36),magic(7.24).\nzendo(A):- piece(A,B),position(B,2.2,1.46),magic(1.46),magic(2.2).\nzendo(A):- piece(A,B),position(B,3.510254135838811,0.36749159794708375),magic(0.36749159794708375),magic(3.510254135838811).\nzendo(A):- piece(A,B),position(B,0.59,1.25),magic(1.25),magic(0.59).\nzendo(A):- piece(A,B),position(B,1.3139740252141168,0.12241449476013376),magic(0.12241449476013376),magic(1.3139740252141168).\nzendo(A):- piece(A,B),position(B,0.32,6.78),magic(0.32),magic(6.78).\nzendo(A):- piece(A,B),position(B,0.72,8.9),magic(0.72),magic(8.9).\nzendo(A):- piece(A,B),position(B,0.98,7.2),magic(7.2),magic(0.98).\nzendo(A):- piece(A,B),position(B,1.03,3.9),magic(1.03),magic(3.9).\nzendo(A):- piece(A,B),position(B,7.9,2.64),magic(7.9),magic(2.64).\nzendo(A):- piece(A,B),position(B,0.4648651316439716,0.4665090399468505),magic(0.4648651316439716),magic(0.4665090399468505).\nzendo(A):- piece(A,B),position(B,3.53,8.43),magic(8.43),magic(3.53).\nzendo(A):- piece(A,B),position(B,1.5257132437071084,0.8147517564869698),magic(0.8147517564869698),magic(1.5257132437071084).\nzendo(A):- piece(A,B),position(B,1.2366121545839794,1.4306872387401433),magic(1.2366121545839794),magic(1.4306872387401433).\nzendo(A):- piece(A,B),position(B,1.09,3.08),magic(3.08),magic(1.09).\nzendo(A):- piece(A,B),position(B,0.3111846284974522,3.4465796989662714),magic(3.4465796989662714),magic(0.3111846284974522).\nzendo(A):- piece(A,B),position(B,6.15,9.63),magic(9.63),magic(6.15).\nzendo(A):- piece(A,B),position(B,0.74,0.25),magic(0.25),magic(0.74).\nzendo(A):- piece(A,B),position(B,4.69,9.23),magic(9.23),magic(4.69).\nzendo(A):- piece(A,B),position(B,0.38,4.86),magic(4.86),magic(0.38).\nzendo(A):- piece(A,B),position(B,1.78,7.74),magic(7.74),magic(1.78).\nzendo(A):- piece(A,B),position(B,2.22,1.7),magic(2.22),magic(1.7).\nzendo(A):- piece(A,B),position(B,0.49,8.6),magic(0.49),magic(8.6).\nzendo(A):- piece(A,B),position(B,0.74,2.3),magic(2.3),magic(0.74).", "is_solution": true, "conf_matrix": [30, 0, 30, 0], "total_exec_time": 0.17606833300000002, "durations": [{"operation": "Test", "called": 1, "total": 0.08369649999999995, "mean": 0.08369649999999995, "maximum": 0.08369649999999995, "__type__": "DurationSummary"}, {"operation": "Find_Bindings_Prolog", "called": 1, "total": 0.020850000000000035, "mean": 0.020850000000000035, "maximum": 0.020850000000000035, "__type__": "DurationSummary"}, {"operation": "Generate", "called": 1, "total": 0.0019597090000000317, "mean": 0.0019597090000000317, "maximum": 0.0019597090000000317, "__type__": "DurationSummary"}], "__type__": "ProgramStats"}, "is_solution": true, "stats_file": "./results/zendo2/magicpopper/2/stats.json", "end": false, "__type__": "Stats"}