{"problem_name": "zendo1", "system_id": ["numericalpopper"], "system_name": "popper", "trial": null, "solution": "zendo(A):- piece(A,D),contact(D,E),size(E,C),geq(C,0.39).", "total_exec_time": 6.956312959, "conf_matrix": [1000, 0, 1000, 0], "extra_stats": {"log_best_programs": true, "num_literals": 0, "total_programs": 108, "total_rules": 0, "total_ground_rules": 0, "durations": {"generate": [0.01397204099999999, 0.004714541999999988, 0.046249292, 0.0011069590000000185, 0.023902792000000006, 0.02938320800000005, 0.0007370840000000545, 0.00187891699999998, 0.03824095800000005, 0.025276833000000054, 0.0024418750000000378, 0.0035111249999999483, 0.00847583399999996, 0.051979208, 0.00268999999999997, 0.04120995899999991, 0.0004321659999999561, 0.723339792, 0.012296249999999898, 0.0009691249999999041, 0.0006171249999999961, 0.0005859590000001358, 0.005390916000000079, 0.0006043340000001507, 0.0019629580000000146, 0.000661292000000202, 0.0030341250000001097, 0.001679500000000278, 0.0033320839999997354, 0.0006587080000000078, 0.005912208999999891, 0.0008276669999998099, 0.0006355829999997731, 0.0006128749999998462, 0.0010500829999999794, 0.0012053330000001417, 0.0007279580000001395, 0.0008306249999998627, 0.0009922919999998392, 0.0008353749999998605, 0.001393375000000141, 0.0006439999999998669, 0.003045084000000031, 0.0007928330000002148, 0.002011250000000242, 0.0008632500000000931, 0.002391000000000254, 0.0006689170000000466, 0.0006986250000000638, 0.0007443330000000969, 0.0008420839999998542, 0.0006895830000002157, 0.0007272919999996574, 0.001021790999999883, 0.0006574999999999775, 0.0007114589999996923, 0.0008720420000001283, 0.0006738749999999349, 0.004534374999999979, 0.0007691250000001482, 0.002570749999999844, 0.0005244160000001941, 0.0004969580000002694, 0.0019052909999999201, 0.0005368749999998812, 0.0005120840000003568, 0.0020479999999993836, 0.002004374999999392, 0.0014221249999994967, 0.0005275000000004582, 0.002261040999999686, 0.0005593340000000779, 0.0014336249999997719, 0.0005309160000006585, 0.11389958299999936, 0.010204166000000292, 0.01889429200000059, 0.006448875000000243, 0.0013621249999999918, 0.15885041700000002, 0.023424290999999542, 0.0008609160000006, 0.0006269580000006769, 0.016381250000000236, 0.0005774159999996087, 0.012041583000000244, 0.002468541999999907, 0.003950167000000171, 0.0004779579999993899, 0.0009758749999999594, 0.012483750000000349, 0.010687207999999337, 0.001098040999999661, 0.000544791999999461, 0.0007080409999993265, 0.013101875000000263, 0.0007796249999998395, 0.0005316249999998135, 0.00968174999999949, 0.0004919160000005363, 0.026218667000000195, 0.001129957999999931, 0.003466458999999311, 0.0005295829999996116, 0.051195124999999564, 0.004851708000000343, 0.15395816699999987, 0.000720083000000038, 0.9977902499999995], "find_bindings_prolog": [0.01130587500000002, 0.0005703749999999563, 0.006707416999999993, 0.0065236659999999835, 0.0010223750000000198, 0.0006552909999999468, 0.0006651250000000442, 0.0006401249999999914, 0.0012734169999999434, 0.005411292000000012, 0.005407334000000041, 0.005506875000000022, 0.005437958999999992, 0.0004537499999999195, 0.0005392079999999577, 0.00042650000000010735, 0.00040970899999992483, 0.006856292000000153, 0.006806458000000015, 0.007130166000000049, 0.006993542000000019, 0.0027653340000002302, 0.002815167000000063, 0.0064675830000000545, 0.006560542000000336, 0.000574208000000187, 0.006575499999999845, 0.0006180000000002295, 0.006694291000000074, 0.006705499999999809, 0.006702375000000149, 0.006726249999999823, 0.006763999999999992, 0.006623625000000022, 0.006506125000000029, 0.0067346670000003606, 0.0067026670000003286, 0.006797084000000009, 0.00651383300000008, 0.006584291999999881, 0.006620124999999977, 0.0066352500000004255, 0.006628708000000039, 0.0066434159999997355, 0.006598458000000029, 0.006671708000000276, 0.0066352499999999814, 0.006618167000000064, 0.006693750000000165, 0.006790790999999796, 0.0065081660000001484, 0.00044224999999986636, 0.0005693749999999831, 0.0004575830000002057, 0.00044320800000008376, 0.0005869999999994491, 0.0004690829999995927, 0.0004745840000000001, 0.0004303749999996498, 0.0005742500000005535, 0.0004769170000002987, 0.0005545419999997137, 0.0006068329999999733, 0.0015061660000004196, 0.0013022920000000937, 0.005363916999999496, 0.005594499999999947, 0.005727999999999511, 0.0066460410000006576, 0.006660833999999838, 0.006728166999999452, 0.006649000000000349, 0.0024785830000002562, 0.0013393330000006642, 0.0027018749999996317, 0.002425499999999303, 0.0011647500000000477, 0.0019159579999996623, 0.0023557499999995457, 0.000919417000000422, 0.0010156249999999645, 0.0008935419999991367, 0.0012283750000001703, 0.0012424590000001956, 0.0009993339999994078, 0.005685209000000135, 0.005839707999999888, 0.0023837079999999844, 0.0022673749999997383], "test": [0.011663917000000024, 0.0007684579999999719, 0.09713666699999995, 0.034549208999999914, 0.001709375000000013, 0.0010221249999999849, 0.0010116249999999605, 0.000998541000000075, 0.0025134170000000733, 0.0007280840000000177, 0.0484175, 0.03591845800000004, 0.0006430410000000109, 0.03637279199999999, 0.04667483299999997, 0.0006604999999999528, 0.0005999169999999499, 0.0008445000000001368, 0.0008928749999999042, 0.0009797089999998843, 0.0007539169999999373, 0.0007365419999998402, 0.05773854200000006, 0.05350887499999968, 0.06786062499999979, 0.06440200000000029, 0.03186308300000018, 0.020701124999999987, 0.0007223340000002132, 0.000699749999999888, 0.046835457999999885, 0.03425362500000029, 0.001042999999999683, 0.03656574999999984, 0.0010846249999998392, 0.03548762500000002, 0.048367625000000025, 0.048386083000000024, 0.04811600000000027, 0.047805832999999964, 0.04695316599999977, 0.0358975410000002, 0.043502542000000144, 0.04456900000000008, 0.178668375, 0.14691633300000007, 0.021176708000000044, 0.16200683400000004, 0.021167584000000073, 0.12801183400000005, 0.021149333999999964, 0.09544695800000014, 0.021206332999999855, 0.02106408400000026, 0.05536066599999989, 0.02165162499999962, 0.02117391599999996, 0.020391792000000297, 0.0006149999999998101, 0.00057974999999999, 0.0008905420000000497, 0.0034151249999996303, 0.0009005840000000376, 0.0008673329999999702, 0.0034405839999998022, 0.0009116249999996384, 0.0008224999999999483, 0.0007783750000003309, 0.0035768330000003346, 0.0008377499999996374, 0.0009400840000006738, 0.0036237080000001143, 0.0007446250000002763, 0.0006331250000002342, 0.002917708000000019, 0.0021312089999998562, 0.0006888749999998112, 0.0006840840000004178, 0.0006899589999997957, 0.0007870409999997108, 0.5564965410000005, 0.07486883399999922, 0.07438404200000015, 0.03532666600000045, 0.03500183400000001, 0.03560720800000006, 0.0007743339999999321, 0.0006245829999995678, 0.0005968750000002743, 0.0005766670000006968, 0.03531470899999967, 0.008461875000000063, 0.002846667000000025, 0.009489667000000424, 0.007890624999999929, 0.002155582999999517, 0.005665083000000237, 0.007584290999999688, 0.0025397920000003182, 0.0017287499999998346, 0.0024904159999996622, 0.002410499999999871, 0.0024131670000002714, 0.001721374999999803, 0.055253833000000085, 0.05958191700000004, 0.08278308299999981, 0.1001602909999999],