{"log_best_programs": true, "num_literals": 0, "total_programs": 1, "total_rules": 0, "total_ground_rules": 0, "durations": {"generate": [0.001972874999999985], "find_bindings_prolog": [0.02106583299999998], "test": [0.08860891700000001]}, "final_exec_time": 0, "stages": [], "best_programs": [], "solution": {"code": "zendo(A):- piece(A,B),position(B,2.2723883300514203,1.208979595276086),magic(2.2723883300514203),magic(1.208979595276086).\nzendo(A):- piece(A,B),position(B,4.056779696519229,0.312550770090858),magic(4.056779696519229),magic(0.312550770090858).\nzendo(A):- piece(A,B),position(B,1.38,7.6),magic(7.6),magic(1.38).\nzendo(A):- piece(A,B),position(B,1.0229647572379097,1.8737980198670778),magic(1.0229647572379097),magic(1.8737980198670778).\nzendo(A):- piece(A,B),position(B,3.81,4.48),magic(3.81),magic(4.48).\nzendo(A):- piece(A,B),position(B,0.43101975693647565,1.8199253790496168),magic(1.8199253790496168),magic(0.43101975693647565).\nzendo(A):- piece(A,B),position(B,1.41,7.71),magic(1.41),magic(7.71).\nzendo(A):- piece(A,B),position(B,2.1165059147213916,2.243547209666871),magic(2.243547209666871),magic(2.1165059147213916).\nzendo(A):- piece(A,B),position(B,0.9489501150874563,2.1531947990866893),magic(0.9489501150874563),magic(2.1531947990866893).\nzendo(A):- piece(A,B),position(B,0.78,1.0),magic(1.0),magic(0.78).\nzendo(A):- piece(A,B),position(B,5.85,6.0),magic(6.0),magic(5.85).\nzendo(A):- piece(A,B),position(B,0.6215691612689096,3.0261577611240087),magic(0.6215691612689096),magic(3.0261577611240087).\nzendo(A):- piece(A,B),position(B,0.23086474643675609,0.9950724754007183),magic(0.9950724754007183),magic(0.23086474643675609).\nzendo(A):- piece(A,B),position(B,0.69,5.66),magic(5.66),magic(0.69).\nzendo(A):- piece(A,B),position(B,1.81,5.16),magic(5.16),magic(1.81).\nzendo(A):- piece(A,B),position(B,1.069603525735297,3.1909531746156206),magic(3.1909531746156206),magic(1.069603525735297).\nzendo(A):- piece(A,B),position(B,2.0,8.8),magic(8.8),magic(2.0).\nzendo(A):- piece(A,B),position(B,3.193337357117144,0.24399900961039125),magic(3.193337357117144),magic(0.24399900961039125).\nzendo(A):- piece(A,B),position(B,2.5458063322467437,0.05961095422076056),magic(0.05961095422076056),magic(2.5458063322467437).\nzendo(A):- piece(A,B),position(B,0.17,1.28),magic(0.17),magic(1.28).\nzendo(A):- piece(A,B),position(B,0.67,9.74),magic(0.67),magic(9.74).\nzendo(A):- piece(A,B),position(B,2.43,9.68),magic(2.43),magic(9.68).\nzendo(A):- piece(A,B),position(B,2.21,8.36),magic(8.36),magic(2.21).\nzendo(A):- piece(A,B),position(B,1.93,2.08),magic(2.08),magic(1.93).\nzendo(A):- piece(A,B),position(B,1.03,4.52),magic(4.52),magic(1.03).\nzendo(A):- piece(A,B),position(B,1.8,1.25),magic(1.25),magic(1.8).\nzendo(A):- piece(A,B),position(B,5.56,8.25),magic(8.25),magic(5.56).\nzendo(A):- piece(A,B),position(B,1.97,4.15),magic(4.15),magic(1.97).\nzendo(A):- piece(A,B),position(B,1.76,9.07),magic(9.07),magic(1.76).\nzendo(A):- piece(A,B),position(B,1.18,9.99),magic(1.18),magic(9.99).", "is_solution": true, "conf_matrix": [30, 0, 30, 0], "total_exec_time": 0.17958387499999998, "durations": [{"operation": "Test", "called": 1, "total": 0.08860891700000001, "mean": 0.08860891700000001, "maximum": 0.08860891700000001, "__type__": "DurationSummary"}, {"operation": "Find_Bindings_Prolog", "called": 1, "total": 0.02106583299999998, "mean": 0.02106583299999998, "maximum": 0.02106583299999998, "__type__": "DurationSummary"}, {"operation": "Generate", "called": 1, "total": 0.001972874999999985, "mean": 0.001972874999999985, "maximum": 0.001972874999999985, "__type__": "DurationSummary"}], "__type__": "ProgramStats"}, "is_solution": true, "stats_file": "./results/zendo2/magicpopper/0/stats.json", "end": false, "__type__": "Stats"}