{"log_best_programs": true, "num_literals": 0, "total_programs": 50, "total_rules": 0, "total_ground_rules": 0, "durations": {"generate": [0.0021767499999999496, 0.004163625000000004, 0.002065707999999944, 0.000743417000000024, 0.000828166000000019, 0.017592208000000054, 0.0023601669999999686, 0.0026291670000000433, 0.002279958999999998, 0.00919045900000004, 0.005215624999999946, 0.0021387920000000005, 0.001491167000000182, 0.0021910420000001984, 0.0007860419999998758, 0.0022559579999998913, 0.0037125829999999915, 0.0024880410000001074, 0.0005971250000000872, 0.0006327910000001324, 0.0005686249999998783, 0.13583041699999998, 0.02279362500000004, 0.0018762500000000237, 0.0016258330000000765, 0.0007240410000000086, 0.03120812500000003, 0.002428375000000038, 0.0008327080000001263, 0.02408862499999964, 0.003004874999999796, 0.002008625000000208, 0.154584292, 0.0005511249999998746, 0.0006457499999998895, 0.0006154160000000353, 0.0005969159999996698, 0.0005885000000001028, 0.0005407499999998677, 0.0006522499999999098, 0.0006349169999997351, 0.0005503330000000695, 0.0006129999999999747, 0.0006499159999999726, 0.03845500000000035, 0.0010959580000000635, 0.0010240420000000583, 0.0009054169999997974, 0.0696477919999996, 0.0007777920000000549, 1.0945606249999997], "find_bindings_prolog": [0.025804625000000025, 0.0007367090000000021, 0.0006920000000000259, 0.009955750000000041, 0.01055604099999996, 0.000618208000000009, 0.0006235840000000659, 0.0006504999999999983, 0.0006243329999999769, 0.011653000000000024, 0.000572959000000095, 0.0007647920000000141, 0.0006148329999999813, 0.000619083999999992, 0.0108680000000001, 0.0005728750000000282, 0.007296458000000117, 0.012714250000000149, 0.012542333000000072, 0.0008217909999999051, 0.000692000000000137, 0.011534084, 0.012855542000000053, 0.013079209000000036, 0.011027832999999987, 0.012599833999999976, 0.0006987080000002699, 0.006040875000000057, 0.00613241699999989, 0.005377583000000019, 0.005629959000000184, 0.005501792000000005, 0.0004970000000001917, 0.0005916250000002066, 0.005757832999999657, 0.0004981250000000159, 0.005723083000000351, 0.005713958999999935, 0.0005346249999997887, 0.0067031670000003984, 0.006370915999999838, 0.0020773329999999035, 0.0018712910000000527], "test": [0.10476050000000003, 0.0011739159999999416, 0.0010197090000000353, 0.05992525000000004, 0.06334766599999997, 0.0010648329999999318, 0.0011224589999999646, 0.0011408750000000412, 0.0009737920000000289, 0.11366554200000012, 0.001042540999999897, 0.0019401669999998816, 0.0011224170000001532, 0.0011112920000000415, 0.07505970799999995, 0.0010297089999999898, 0.0012499169999999893, 0.0009618330000000785, 0.0008300830000000925, 0.000866208000000146, 0.0008619169999999343, 0.05438750000000003, 0.13514475000000004, 0.10927616699999998, 0.0014615420000001489, 0.001162207999999998, 0.07558845800000014, 0.08859449999999991, 0.11255604200000024, 0.1126860409999999, 0.10927708299999983, 0.0012983749999997407, 0.04911037500000015, 0.039407583000000024, 0.037114958999999725, 0.06008654099999999, 0.06681470799999989, 0.00082629100000009, 0.004262208000000101, 0.06590145799999991, 0.0008636669999999569, 0.06640416699999996, 0.04855629200000022, 0.0009285830000003159, 0.09469587499999976, 0.08359916700000003, 0.004868083000000301, 0.00729683300000028, 0.010772583000000058, 0.007924291000000139], "combine": [0.004080874999999984, 3.7499999994139444e-07, 3.7499999994139444e-07, 0.001971916000000018, 0.06731904200000005, 3.7500000005241674e-07, 3.7500000005241674e-07, 4.1600000000308057e-07, 3.7500000005241674e-07, 0.0027035420000001142, 3.7499999994139444e-07, 3.7499999994139444e-07, 3.7499999994139444e-07, 4.1700000008582094e-07, 0.008799291999999959, 3.7499999994139444e-07, 4.579999999254625e-07, 4.1600000000308057e-07, 4.1700000008582094e-07, 3.3300000001901253e-07, 4.1600000000308057e-07, 3.7499999994139444e-07, 4.1700000008582094e-07, 0.007224125000000026, 3.7499999994139444e-07, 4.1699999986377634e-07, 3.340000001017529e-07, 5.00000000069889e-07, 4.580000001475071e-07, 4.160000002251252e-07, 4.580000001475071e-07, 3.7499999994139444e-07, 4.5900000023024745e-07, 4.1599999978103597e-07, 4.1699999986377634e-07, 1.208000000030296e-06, 4.580000001475071e-07, 3.7499999994139444e-07, 1.166000000107914e-06, 5.00000000069889e-07, 3.7499999994139444e-07, 5.00000000069889e-07, 4.1699999986377634e-07, 3.7499999994139444e-07, 1.3329999997147013e-06, 1.2089999996689471e-06, 0.005921959000000143, 0.004332542000000217, 0.008169957999999866, 0.01081804200000036], "add_cons": [5.699999999997374e-05, 4.700000000001925e-05, 4.470900000008715e-05, 2.6124999999987963e-05, 3.1583000000057204e-05, 5.029199999995182e-05, 5.587500000003853e-05, 5.6000000000056005e-05, 5.291600000001395e-05, 3.674999999980777e-05, 5.079200000013273e-05, 5.0665999999921496e-05, 5.725000000000868e-05, 5.570800000009868e-05, 4.066700000016077e-05, 5.1334000000125e-05, 3.9082999999884294e-05, 4.2500000000167404e-05, 4.362499999999159e-05, 4.2040999999937156e-05, 4.2500000000167404e-05, 4.937499999990713e-05, 3.479100000003399e-05, 4.1707999999918144e-05, 5.3166000000048896e-05, 5.241599999994406e-05, 3.354199999994201e-05, 5.841599999989455e-05, 5.1416999999887025e-05, 3.529099999965979e-05, 3.299999999972769e-05, 5.308399999970348e-05, 3.5165999999975384e-05, 3.1791000000058744e-05, 3.133399999999398e-05, 6.624999999971237e-05, 2.95840000004155e-05, 4.8791999999853175e-05, 0.0001295829999996556, 4.63339999998702e-05, 4.858299999987992e-05, 3.4665999999905495e-05, 4.4374999999874376e-05, 5.083299999997237e-05, 0.00015029200000027387, 0.00015091600000038952, 5.595800000035567e-05, 5.916699999986008e-05, 4.9042000000110164e-05, 4.941699999960747e-05], "constrain": [0.024257833999999923, 0.0045941250000000045, 0.0015140829999999994, 0.008369292000000028, 0.0009072089999999644, 0.017396083999999923, 0.009625166000000074, 0.009590458999999996, 0.008529125000000026, 0.0030537919999999996, 0.009233499999999895, 0.02221062500000004, 0.009915292000000075, 0.009555583000000034, 0.003065749999999978, 0.00812104200000019, 0.003182166999999847, 0.003843165999999787, 0.0035681670000000665, 0.003806084000000043, 0.003549083999999869, 0.01459012500000001, 0.0024884999999998936, 0.0025100000000000122, 0.00468983299999981, 0.0028867919999999714, 0.001525958000000216, 0.004686415999999971, 0.006973042000000262, 0.0015313340000000508, 0.002505416999999621, 0.002850916000000314, 0.002271750000000239, 0.0022364580000000522, 0.002232166000000202, 0.002243165999999963, 0.00226870899999998, 0.00419654100000022, 0.012370875000000225, 0.006063624999999906, 0.004102915999999901, 0.002234749999999952, 0.00610587500000026, 0.004331458999999871, 0.008120417000000213, 0.004510249999999605, 0.00408287499999993, 0.00502829199999999, 0.0012012089999999809, 0.05562729200000005], "loop": [4.018762000000001]}, "final_exec_time": 4.13790325, "stages": [], "best_programs": [], "solution": {"code": "zendo(A):- piece(A,B),contact(B,C),piece(A,C).", "is_solution": true, "conf_matrix": [30, 0, 30, 0], "total_exec_time": 2.983681458, "durations": [{"operation": "Test", "called": 50, "total": 1.8851366640000011, "mean": 0.037702733280000025, "maximum": 0.13514475000000004, "__type__": "DurationSummary"}, {"operation": "Generate", "called": 50, "total": 0.5656580819999993, "mean": 0.011313161639999987, "maximum": 0.154584292, "__type__": "DurationSummary"}, {"operation": "Constrain", "called": 49, "total": 0.2887272950000004, "mean": 0.005892393775510212, "maximum": 0.024257833999999923, "__type__": "DurationSummary"}, {"operation": "Find_Bindings_Prolog", "called": 43, "total": 0.23681091800000154, "mean": 0.005507230651162826, "maximum": 0.025804625000000025, "__type__": "DurationSummary"}, {"operation": "Combine", "called": 49, "total": 0.11054283200000015, "mean": 0.002255976163265309, "maximum": 0.06731904200000005, "__type__": "DurationSummary"}, {"operation": "Add_Cons", "called": 49, "total": 0.002533287999999412,