{"problem_name": "halfplane", "system_id": ["numericalpopper"], "system_name": "popper", "trial": 3, "solution": "halfplane(A,B):- leq(B,90),leq(A,0).", "total_exec_time": 1.857651459, "conf_matrix": [933, 67, 990, 10], "extra_stats": {"log_best_programs": true, "num_literals": 0, "total_programs": 33, "total_rules": 0, "total_ground_rules": 0, "durations": {"generate": [0.004476457999999961, 0.0009077919999999073, 0.007553250000000067, 0.0020086670000000195, 0.0006890840000000065, 0.0006071659999999923, 0.007349292000000007, 0.0007482919999999282, 0.000655167000000012, 0.0005244589999999771, 0.0015154160000000472, 0.0007361250000000874, 0.004913791999999972, 0.000625874999999998, 0.0018559579999999354, 0.0018671669999998919, 0.0013110419999999845, 0.000673957999999919, 0.0006946660000000104, 0.0007365000000001398, 0.00481491700000003, 0.0007317079999999976, 0.0013662500000000133, 0.0014501670000000022, 0.0006861670000000153, 0.002310500000000104, 0.002095833000000047, 0.0007270000000001442, 0.0027854999999998853, 0.0025655829999999824, 0.14174287500000005, 0.0016848330000001077, 0.015574625000000175, 0.0038932499999999592], "find_bindings_prolog": [0.017839209000000023, 0.003833166999999915, 0.003466959000000047, 0.0035620419999999875, 0.0037049999999999583, 0.0032607500000000345, 0.003301333999999989, 0.00341304099999995, 0.0037104580000000276, 0.0032378749999999457, 0.003671957999999975, 0.003311916000000026, 0.00367424999999999, 0.0032825419999999994, 0.003273040999999921, 0.0036445000000000505, 0.0037293750000000347, 0.0036402500000001226, 0.0032527500000001375, 0.003661291000000011, 0.003258250000000018, 0.003480124999999834, 0.0038085829999998655, 0.003344875000000025, 0.003287250000000075, 0.003714500000000065, 0.0036594999999999267, 0.003543459000000082, 0.003428124999999893, 0.003394917000000053, 0.003701750000000059, 0.003691459000000119, 0.0037178749999999816], "find_bindings_z3": [0.072046375, 0.06157575000000004, 0.011382667000000013, 0.010747791000000007, 0.011172709000000003, 0.01141512499999997, 0.01151633299999999, 0.010801083000000045, 0.011061750000000092, 0.010562584000000097, 0.03104520799999999, 0.029573708000000032, 0.03105508300000004, 0.03052183300000011, 0.03050408299999985, 0.023342707999999934, 0.023079541999999842, 0.030149917000000137, 0.023300124999999783, 0.024008209000000003, 0.030544958000000122, 0.023217374999999985, 0.023663458000000137, 0.1625462499999999, 0.027656542000000117, 0.029970250000000087, 0.02293225000000021, 0.030390250000000174, 0.02789370899999999, 0.16272341699999981, 0.04016983299999999, 0.03978400000000004, 0.14190962499999982], "test": [0.11345549999999993, 0.06722316699999997, 0.015545916999999965, 0.014960749999999967, 0.01550429200000003, 0.015239749999999996, 0.015388207999999959, 0.014820125000000073, 0.015414833000000017, 0.01436395800000001, 0.035245082999999955, 0.03336241700000009, 0.03524054200000004, 0.03426175000000009, 0.034249707999999934, 0.027503500000000125, 0.02733416700000002, 0.0343058329999999, 0.027018499999999834, 0.028175417000000147, 0.03426420799999996, 0.027219333000000123, 0.02801425000000002, 0.16750350000000003, 0.03143191700000014, 0.03421024999999989, 0.027119000000000115, 0.03445100000000001, 0.03183020800000014, 0.1675748749999999, 0.044528582999999955, 0.04412370799999987, 0.14791312499999965], "combine": [0.004484708999999976, 0.004369834000000017, 7.07999999960407e-07, 6.670000000097431e-07, 5.410000000205528e-07, 5.829999999429347e-07, 6.659999999270028e-07, 7.920000000272154e-07, 6.249999999763389e-07, 7.080000000714293e-07, 7.499999999938112e-07, 5.829999999429347e-07, 5.829999999429347e-07, 5.839999999146528e-07, 6.660000000380251e-07, 9.169999999336653e-07, 6.670000001207654e-07, 6.249999999763389e-07, 8.330000000889015e-07, 7.07999999960407e-07, 6.659999998159805e-07, 7.07999999960407e-07, 7.07999999960407e-07, 0.005390250000000041, 7.07999999960407e-07, 6.669999998987208e-07, 8.750000000112834e-07, 7.919999998051708e-07, 6.669999998987208e-07, 5.409999999095305e-07, 7.07999999960407e-07, 7.910000001665196e-07, 0.005243791999999914], "add_cons": [5.554200000001952e-05, 4.7916999999952914e-05, 5.2124999999958455e-05, 5.3083999999925524e-05, 4.650000000006038e-05, 5.1458000000059734e-05, 4.995900000004383e-05, 5.562500000000359e-05, 4.641699999996529e-05, 5.025000000002944e-05, 5.2540999999961535e-05, 4.637499999993189e-05, 4.4750000000037815e-05, 4.716600000009841e-05, 5.0332999999902484e-05, 5.141700000010907e-05, 5.054199999987574e-05, 4.5917000000006425e-05, 4.925000000000068e-05, 4.7584000000044924e-05, 4.858300000010196e-05, 5.1915999999874174e-05, 4.879200000007522e-05, 4.808400000011481e-05, 5.104199999994563e-05, 5.1334000000125e-05, 5.3999999999998494e-05, 5.266599999997901e-05, 5.045800000003098e-05, 4.4000000000155026e-05, 5.566700000025904e-05, 5.5582999999970184e-05, 5.4040999999838135e-05], "constrain": [0.002192791999999999, 0.00038599999999999746, 0.0035292089999999776, 0.0009528749999999642, 0.0008384590000000136, 0.0009452079999999752, 0.0008405829999998948, 0.000855500000000009, 0.0007448330000000558, 0.0007509580000000238, 0.0011876670000000589, 0.0009630419999999695, 0.0007857909999999801, 0.0006747910000000079, 0.001160791999999855, 0.0008879589999999382, 0.0007362909999999445, 0.0006635829999999121, 0.0008447080000000273, 0.0008413330000001107, 0.0009462080000000039, 0.000747499999999901, 0.0014365000000000627, 0.0009047920000000431, 0.0010220829999998404, 0.0007483749999999123, 0.000753291999999961, 0.0007788329999998123, 0.0007322499999999899, 0.0006675000000000431, 0.0008307080000000688, 0.0008351250000000476, 0.000806834000000034], "loop": [1.7158735410000001]}, "final_exec_time": 1.857651459, "stages": [], "best_programs": [], "solution": {"code": "halfplane(A,B):- leq(B,90),leq(A,0).", "is_solution": true, "conf_matrix": [30, 0, 30, 0], "total_exec_time": 1.8489482500000003, "durations": [{"operation": "Test", "called": 33, "total": 1.4387973739999997, "mean": 0.04359992042424242, "maximum": 0.1675748749999999, "__type__": "DurationSummary"}, {"operation": "Find_Bindings_Z3", "called": 33, "total": 1.2622645000000003, "mean": 0.038250439393939406, "maximum": 0.16272341699999981, "__type__": "DurationSummary"}, {"operation": "Generate", "called": 33, "total": 0.2189860840000004, "mean": 0.006635941939393952, "maximum": 0.14174287500000005, "__type__": "DurationSummary"}, {"operation": "Find_Bindings_Prolog", "called": 33, "total": 0.13050237600000014, "mean": 0.003954617454545459, "maximum": 0.017839209000000023, "__type__": "DurationSummary"}, {"operation": "Constrain", "called": 32, "total": 0.0311855399999994, "mean": 0.0009745481249999813, "maximum": 0.0035292089999999776, "__type__": "DurationSummary"}, {"operation": "Combine", "called": 32, "total": 0.014264829999999229, "mean": 0.0004457759374999759, "maximum": 0.005390250000000041, "__type__": "DurationSummary"}, {"operation": "Add_Cons", "called": 32, "total": 0.0016068770000006172, "mean": 5.021490625001929e-05, "maximum": 5.566700000025904e-05, "__type__": "DurationSummary"}], "__type__": "ProgramStats"}, "is_solution": true, "stats_file": "./results/halfplane/numericalpopper/3/stats.json", "end": true, "__type__": "Stats"}, "parameter": null, "__typ__": "ExperimentResult"}