{"log_best_programs": true, "num_literals": 0, "total_programs": 1, "total_rules": 0, "total_ground_rules": 0, "durations": {"generate": [0.0004153330000000177, 9.387500000002102e-05], "find_bindings_prolog": [0.01494795900000001], "find_bindings_z3": [0.05377162499999999], "test": [0.09860124999999997], "combine": [0.004682624999999996], "add_cons": [3.599999999998049e-05], "constrain": [0.0019112499999999755]}, "final_exec_time": 0.146835667, "stages": [], "best_programs": [], "solution": {"code": "interval(A):- geq(A,71).", "is_solution": true, "conf_matrix": [19, 0, 27, 0], "total_exec_time": 0.141235, "durations": [{"operation": "Test", "called": 1, "total": 0.09860124999999997, "mean": 0.09860124999999997, "maximum": 0.09860124999999997, "__type__": "DurationSummary"}, {"operation": "Find_Bindings_Z3", "called": 1, "total": 0.05377162499999999, "mean": 0.05377162499999999, "maximum": 0.05377162499999999, "__type__": "DurationSummary"}, {"operation": "Find_Bindings_Prolog", "called": 1, "total": 0.01494795900000001, "mean": 0.01494795900000001, "maximum": 0.01494795900000001, "__type__": "DurationSummary"}, {"operation": "Generate", "called": 1, "total": 0.0004153330000000177, "mean": 0.0004153330000000177, "maximum": 0.0004153330000000177, "__type__": "DurationSummary"}], "__type__": "ProgramStats"}, "is_solution": true, "stats_file": "./results/interval/numsynth/2/stats.json", "end": true, "__type__": "Stats"}