{"problem_name": "pharmacophores_1", "system_id": ["numsynth"], "system_name": "popper", "trial": null, "solution": "active(A):- hacc(A,D),zincsite(A,E),dist(A,D,E,B),leq(B,15.36).", "total_exec_time": 0.6595032089999999, "conf_matrix": [], "extra_stats": {"log_best_programs": true, "num_literals": 0, "total_programs": 15, "total_rules": 0, "total_ground_rules": 0, "durations": {"generate": [0.01568225000000001, 0.0005383749999999798, 0.032312542, 0.08378941700000003, 0.0004317080000000306, 0.00042433299999999896, 0.0007137080000000351, 0.0004226250000000098, 0.011040542000000042, 0.00043687500000000323, 0.00043362500000010407, 0.0004251250000000262, 0.07955316600000006, 0.0005925830000000909, 0.0008827090000000926, 0.032101833999999996], "test": [0.025042874999999964, 0.000658291000000033, 0.0009878329999999935, 0.008702374999999929, 0.00098904199999994, 0.0010913750000000055, 0.0010574580000000111, 0.0013332500000000636, 0.001654667000000054, 0.000727750000000027, 0.0007309170000000531, 0.0006655829999999696, 0.020302249999999966, 0.006826208, 0.12125704199999998], "combine": [4.5799999998097363e-07, 3.749999999969056e-07, 4.170000000303098e-07, 0.002255165999999975, 4.1699999997479864e-07, 3.7499999994139444e-07, 3.7500000005241674e-07, 3.7500000005241674e-07, 4.5900000000820285e-07, 4.1599999989205827e-07, 3.7500000005241674e-07, 3.3300000001901253e-07, 5.00000000069889e-07, 5.00000000069889e-07, 0.0026130829999999605], "add_cons": [6.40000000000085e-05, 3.6000000000036e-05, 4.041599999998757e-05, 3.395799999994509e-05, 5.0957999999989845e-05, 4.616700000004137e-05, 4.5832999999939616e-05, 2.524999999997668e-05, 4.8332999999955994e-05, 4.504199999999514e-05, 4.5624999999938076e-05, 4.4208000000045544e-05, 3.825000000001744e-05, 3.34999999999086e-05, 3.1707999999963654e-05], "constrain": [0.001544916999999979, 0.00027254199999998674, 0.00029045899999996516, 0.003084541999999968, 0.003372708000000002, 0.0016275409999999546, 0.0016062919999999536, 0.0008187499999999792, 0.001581125000000072, 0.001548541999999986, 0.0015607499999999996, 0.0015718750000000004, 0.00383908299999991, 0.001110208000000057, 0.000939499999999982], "find_bindings_prolog": [0.007675042000000021, 0.000763750000000063, 0.0008643339999999666, 0.0008377090000000198, 0.0006407500000000788, 0.0014156249999999204, 0.0005134999999999446, 0.0005233749999999926, 0.00045908299999997126, 0.0023050829999999856, 0.002198249999999957, 0.005211958999999933], "find_bindings_z3": [0.017311332999999984, 0.004051957999999911, 0.11385649999999992], "loop": [0.482466]}, "final_exec_time": 0.6595032089999999, "stages": [], "best_programs": [], "solution": {"code": "active(A):- hacc(A,D),zincsite(A,E),dist(A,D,E,B),leq(B,15.36).", "is_solution": true, "conf_matrix": [30, 0, 30, 0], "total_exec_time": 0.6234949169999999, "durations": [{"operation": "Generate", "called": 15, "total": 0.22767958300000052, "mean": 0.015178638866666701, "maximum": 0.08378941700000003, "__type__": "DurationSummary"}, {"operation": "Test", "called": 15, "total": 0.192026916, "mean": 0.0128017944, "maximum": 0.12125704199999998, "__type__": "DurationSummary"}, {"operation": "Find_Bindings_Z3", "called": 3, "total": 0.1352197909999998, "mean": 0.045073263666666606, "maximum": 0.11385649999999992, "__type__": "DurationSummary"}, {"operation": "Constrain", "called": 14, "total": 0.023829333999999813, "mean": 0.0017020952857142724, "maximum": 0.00383908299999991, "__type__": "DurationSummary"}, {"operation": "Find_Bindings_Prolog", "called": 12, "total": 0.023408459999999853, "mean": 0.0019507049999999877, "maximum": 0.007675042000000021, "__type__": "DurationSummary"}, {"operation": "Combine", "called": 14, "total": 0.002260541000000116, "mean": 0.00016146721428572257, "maximum": 0.002255165999999975, "__type__": "DurationSummary"}, {"operation": "Add_Cons", "called": 14, "total": 0.0005975399999997855, "mean": 4.268142857141325e-05, "maximum": 6.40000000000085e-05, "__type__": "DurationSummary"}], "__type__": "ProgramStats"}, "is_solution": true, "stats_file": "./results/pharmacophores_1/numsynth/stats.json", "end": true, "__type__": "Stats"}, "parameter": null, "__typ__": "ExperimentResult"}