{"log_best_programs": true, "num_literals": 0, "total_programs": 1, "total_rules": 0, "total_ground_rules": 0, "durations": {"generate": [0.00041275000000001727, 1.504200000002065e-05], "find_bindings_prolog": [0.01954775000000003], "test": [0.052037749999999994], "combine": [0.003821999999999992], "add_cons": [4.4333000000007505e-05], "constrain": [0.0011795]}, "final_exec_time": 0.12401637500000001, "stages": [], "best_programs": [], "solution": {"code": "interval(89).\ninterval(86).\ninterval(75).\ninterval(78).\ninterval(91).\ninterval(72).\ninterval(96).\ninterval(90).\ninterval(83).\ninterval(80).\ninterval(79).\ninterval(84).\ninterval(82).\ninterval(97).\ninterval(77).\ninterval(92).\ninterval(74).\ninterval(71).\ninterval(94).\ninterval(88).", "is_solution": true, "conf_matrix": [20, 0, 28, 0], "total_exec_time": 0.120864792, "durations": [{"operation": "Test", "called": 1, "total": 0.052037749999999994, "mean": 0.052037749999999994, "maximum": 0.052037749999999994, "__type__": "DurationSummary"}, {"operation": "Find_Bindings_Prolog", "called": 1, "total": 0.01954775000000003, "mean": 0.01954775000000003, "maximum": 0.01954775000000003, "__type__": "DurationSummary"}, {"operation": "Generate", "called": 1, "total": 0.00041275000000001727, "mean": 0.00041275000000001727, "maximum": 0.00041275000000001727, "__type__": "DurationSummary"}], "__type__": "ProgramStats"}, "is_solution": true, "stats_file": "./results/interval/magicpopper/4/stats.json", "end": true, "__type__": "Stats"}