{"problem_name": "halfplane", "system_id": ["numericalpopper"], "system_name": "popper", "trial": 1, "solution": "halfplane(A,B):- leq(A,-3),geq(B,-98).", "total_exec_time": 1.7140202500000001, "conf_matrix": [954, 46, 999, 1], "extra_stats": {"log_best_programs": true, "num_literals": 0, "total_programs": 33, "total_rules": 0, "total_ground_rules": 0, "durations": {"generate": [0.004937499999999984, 0.0010027500000000522, 0.0072984999999999856, 0.0019816670000000203, 0.0005778330000000276, 0.0006921659999999941, 0.007610582999999949, 0.00071020799999999, 0.0005387500000000323, 0.0005435839999999859, 0.0014163749999999142, 0.0007633329999999772, 0.005075292000000009, 0.0006425840000000571, 0.0021334159999999436, 0.0016805840000000405, 0.0012699170000000093, 0.000613874999999986, 0.0007933329999998406, 0.0007675410000000937, 0.004882416000000056, 0.0007279159999999951, 0.0012855830000000346, 0.0012018339999999572, 0.0008427920000000366, 0.0021278750000000013, 0.002027249999999814, 0.0006690419999999531, 0.0024503750000000046, 0.0025919580000000053, 0.15352679200000008, 0.0006362499999998938, 0.0023496660000001945, 0.002882000000000051], "find_bindings_prolog": [0.017102583000000005, 0.003500041999999981, 0.0034016250000000747, 0.0036558340000000245, 0.0033237080000000363, 0.003661208000000027, 0.0037006670000000463, 0.0033212500000000533, 0.0036817089999999775, 0.003273540999999991, 0.003271874999999924, 0.0036849169999999543, 0.0033919999999999506, 0.003279249999999956, 0.003700374999999978, 0.0036193749999999802, 0.0036834169999999666, 0.0032641660000000128, 0.0036480000000000956, 0.0036832079999999934, 0.0034402499999999225, 0.0036551670000000147, 0.0033540420000000015, 0.0036080839999999004, 0.0033221249999999536, 0.004421667000000129, 0.003303958999999912, 0.003338416999999927, 0.0035959170000001706, 0.0035119999999999596, 0.0037273749999999772, 0.003309750000000111, 0.0036899579999998267], "find_bindings_z3": [0.03954445799999995, 0.030152874999999968, 0.010992833999999951, 0.010365834000000018, 0.010527167000000004, 0.010412708000000048, 0.010889165999999895, 0.010392874999999968, 0.010990792000000082, 0.010154334000000098, 0.030052790999999912, 0.028277875000000008, 0.02847537499999997, 0.029315541, 0.021702250000000034, 0.022367625000000002, 0.021634040999999993, 0.028673458999999957, 0.021899749999999996, 0.028568166999999978, 0.02244504199999997, 0.028776957999999908, 0.028232792000000062, 0.14291454199999998, 0.026729250000000038, 0.02947074999999999, 0.028481082999999963, 0.028367916999999965, 0.02637574999999992, 0.139906458, 0.03962483299999997, 0.03832133300000007, 0.14194204200000016], "test": [0.05732462500000002, 0.03409645799999994, 0.015094041999999974, 0.01465616599999997, 0.01442037500000004, 0.014697000000000071, 0.01522308299999997, 0.01428716699999999, 0.015296416999999951, 0.01398662500000003, 0.03378545900000007, 0.032472833000000034, 0.03236525000000001, 0.03306595900000009, 0.025922790999999945, 0.02646875000000004, 0.02582158400000001, 0.032401707999999974, 0.026064165999999833, 0.03276837499999985, 0.0263716249999999, 0.03295195799999995, 0.03206054200000019, 0.17190666599999993, 0.030536792000000146, 0.03438908399999985, 0.032258624999999874, 0.0321719159999998, 0.030451999999999924, 0.14504916700000003, 0.044017167000000024, 0.04220516699999988, 0.1477202500000001], "combine": [6.660000000380251e-07, 7.499999999938112e-07, 6.659999999270028e-07, 5.829999999429347e-07, 6.670000000097431e-07, 5.840000000256751e-07, 7.090000000431473e-07, 6.249999999763389e-07, 5.419999999922709e-07, 5.829999999429347e-07, 7.499999999938112e-07, 6.249999999763389e-07, 5.419999999922709e-07, 7.910000000554973e-07, 5.829999999429347e-07, 6.670000000097431e-07, 5.419999999922709e-07, 6.249999999763389e-07, 6.669999998987208e-07, 5.829999998319124e-07, 7.090000000431473e-07, 6.660000000380251e-07, 6.670000001207654e-07, 0.005394832999999988, 6.670000001207654e-07, 6.670000001207654e-07, 6.249999999763389e-07, 6.249999999763389e-07, 6.660000000380251e-07, 5.419999999922709e-07, 6.249999999763389e-07, 5.83000000053957e-07, 0.0044141249999998244], "add_cons": [4.775000000001306e-05, 4.641699999996529e-05, 5.145900000003145e-05, 4.545799999999822e-05, 4.937499999990713e-05, 4.524999999999668e-05, 4.733299999992724e-05, 4.6833000000079394e-05, 4.683399999994009e-05, 4.5375000000014154e-05, 5.1499999999982116e-05, 5.108300000000732e-05, 4.5082999999945805e-05, 5.262499999991732e-05, 4.554199999995401e-05, 4.9707999999926145e-05, 4.52080000000743e-05, 4.925000000000068e-05, 4.9624999999942077e-05, 4.462499999990932e-05, 5.0207999999996034e-05, 4.783299999999713e-05, 5.1792000000050464e-05, 4.808300000003207e-05, 4.733400000000998e-05, 4.708300000011434e-05, 4.558399999998741e-05, 4.3458000000162755e-05, 5.037500000004691e-05, 4.899999999996574e-05, 5.091599999995644e-05, 4.745800000005573e-05, 4.6957999999985844e-05], "constrain": [0.0021596670000000318, 0.0003722090000000122, 0.003474666999999987, 0.0008281249999999574, 0.0009128330000000018, 0.0008267499999999872, 0.0007441249999999844, 0.0007458329999999735, 0.0007444170000000527, 0.0007414580000000282, 0.0011831250000000626, 0.0010888339999999275, 0.0007724999999999538, 0.0007570839999999635, 0.0010260830000000665, 0.0008380839999999612, 0.0006550419999999946, 0.0007314160000000403, 0.0008565419999999602, 0.0007613749999999531, 0.0010385829999999263, 0.0007319999999999549, 0.0007442079999999685, 0.0009298749999999689, 0.0009262500000000173, 0.0006715840000000028, 0.0006752500000000161, 0.0006527920000001242, 0.0007535419999999959, 0.0007381250000000339, 0.0007449999999999957, 0.0007278330000000111, 0.0007102079999996569], "loop": [1.57421475]}, "final_exec_time": 1.7140202500000001, "stages": [], "best_programs": [], "solution": {"code": "halfplane(A,B):- leq(A,-3),geq(B,-98).", "is_solution": true, "conf_matrix": [30, 0, 30, 0], "total_exec_time": 1.7065855419999998, "durations": [{"operation": "Test", "called": 33, "total": 1.3123097919999995, "mean": 0.03976696339393938, "maximum": 0.17190666599999993, "__type__": "DurationSummary"}, {"operation": "Find_Bindings_Z3", "called": 33, "total": 1.1369786669999997, "mean": 0.03445389899999999, "maximum": 0.14291454199999998, "__type__": "DurationSummary"}, {"operation": "Generate", "called": 33, "total": 0.21636953999999992, "mean": 0.006556652727272724, "maximum": 0.15352679200000008, "__type__": "DurationSummary"}, {"operation": "Find_Bindings_Prolog", "called": 33, "total": 0.13012746099999983, "mean": 0.003943256393939389, "maximum": 0.017102583000000005, "__type__": "DurationSummary"}, {"operation": "Constrain", "called": 32, "total": 0.029555210999999915, "mean": 0.0009236003437499973, "maximum": 0.003474666999999987, "__type__": "DurationSummary"}, {"operation": "Combine", "called": 32, "total": 0.005414625000000006, "mean": 0.0001692070312500002, "maximum": 0.005394832999999988, "__type__": "DurationSummary"}, {"operation": "Add_Cons", "called": 32, "total": 0.0015354569999999068, "mean": 4.798303124999709e-05, "maximum": 5.262499999991732e-05, "__type__": "DurationSummary"}], "__type__": "ProgramStats"}, "is_solution": true, "stats_file": "./results/halfplane/numericalpopper/1/stats.json", "end": true, "__type__": "Stats"}, "parameter": null, "__typ__": "ExperimentResult"}