{"log_best_programs": true, "num_literals": 0, "total_programs": 13, "total_rules": 0, "total_ground_rules": 0, "durations": {"generate": [0.0022843749999999496, 0.0041015420000000136, 0.0016867080000000367, 0.0008978750000000479, 0.00063941699999992, 0.01951670900000002, 0.004061291999999939, 0.0016168329999999287, 0.0009857919999999298, 0.0012362500000000498, 0.0011044999999999527, 0.003938167000000048, 0.007435999999999998, 0.5282013750000001], "find_bindings_prolog": [0.025766332999999975, 0.0007046249999999588, 0.010756458999999996, 0.0006772499999999626, 0.009760792000000018, 0.0006119170000000729, 0.014377957999999968, 0.0005769580000000163, 0.0005257910000000532, 0.0005276670000000649, 0.0006107499999999932, 0.011656583000000054], "test": [0.12259941699999999, 0.0011035410000000412, 0.09982320900000008, 0.0010765000000000358, 0.088527083, 0.001203750000000059, 0.10697520800000004, 0.001013375000000094, 0.0008167500000000327, 0.0008187920000000126, 0.0009500419999999288, 0.08529491699999991, 0.0013670829999998801], "combine": [0.004405749999999986, 3.749999999969056e-07, 0.0020547910000000558, 4.1600000000308057e-07, 0.0026978749999999607, 4.1600000000308057e-07, 0.012252374999999982, 3.7500000005241674e-07, 4.1600000000308057e-07, 3.7499999994139444e-07, 3.7499999994139444e-07, 0.0037292499999999063, 0.00429349999999995], "add_cons": [5.512499999998921e-05, 4.658299999998894e-05, 2.7499999999958114e-05, 4.3499999999974115e-05, 3.2041999999954385e-05, 5.562500000000359e-05, 3.6249999999959925e-05, 4.8959000000015074e-05, 4.8874999999948265e-05, 4.808299999992105e-05, 5.0333999999985224e-05, 3.829200000016186e-05, 5.0083000000089584e-05], "constrain": [0.018338666000000003, 0.004673874999999994, 0.008506375000000066, 0.0014722910000000144, 0.0009401250000000694, 0.017330874999999968, 0.0030636669999999366, 0.008944833000000041, 0.00811733399999992, 0.009175000000000044, 0.008065165999999957, 0.003069208000000101, 0.0014411670000000765], "loop": [1.213403667]}, "final_exec_time": 1.3052183750000002, "stages": [], "best_programs": [], "solution": {"code": "zendo(A):- piece(A,C),contact(C,B),contact(B,C).", "is_solution": true, "conf_matrix": [30, 0, 30, 0], "total_exec_time": 0.7725175, "durations": [{"operation": "Test", "called": 13, "total": 0.5115696670000001, "mean": 0.039351512846153854, "maximum": 0.12259941699999999, "__type__": "DurationSummary"}, {"operation": "Constrain", "called": 12, "total": 0.09169741500000012, "mean": 0.00764145125000001, "maximum": 0.018338666000000003, "__type__": "DurationSummary"}, {"operation": "Find_Bindings_Prolog", "called": 12, "total": 0.07655308300000013, "mean": 0.006379423583333345, "maximum": 0.025766332999999975, "__type__": "DurationSummary"}, {"operation": "Generate", "called": 13, "total": 0.049505459999999835, "mean": 0.003808112307692295, "maximum": 0.01951670900000002, "__type__": "DurationSummary"}, {"operation": "Combine", "called": 12, "total": 0.025142788999999832, "mean": 0.002095232416666653, "maximum": 0.012252374999999982, "__type__": "DurationSummary"}, {"operation": "Add_Cons", "called": 12, "total": 0.0005311679999998598, "mean": 4.426399999998831e-05, "maximum": 5.562500000000359e-05, "__type__": "DurationSummary"}], "__type__": "ProgramStats"}, "is_solution": true, "stats_file": "./results/zendo1/magicpopper/9/stats.json", "end": true, "__type__": "Stats"}