{"problem_name": "zendo1", "system_id": ["magicpopper"], "system_name": "popper", "trial": 4, "solution": "zendo(A):- piece(A,B),contact(B,C),contact(C,B).", "total_exec_time": 1.368598792, "conf_matrix": [1000, 0, 997, 3], "extra_stats": {"log_best_programs": true, "num_literals": 0, "total_programs": 10, "total_rules": 0, "total_ground_rules": 0, "durations": {"generate": [0.0020866250000000086, 0.004090291000000024, 0.0016507500000000341, 0.0010677080000000005, 0.0010122919999999702, 0.019103416999999956, 0.004723790999999977, 0.006247208000000004, 0.01990087500000004, 0.004986708999999978, 0.531207708], "find_bindings_prolog": [0.027896958000000027, 0.0007421250000000379, 0.0006784169999999312, 0.015573124999999965, 0.011099208999999943, 0.0064109169999999605, 0.007233708999999977, 0.006479166999999952, 0.0019227080000001617], "test": [0.14132912500000006, 0.0011510419999999355, 0.0009812909999999953, 0.12751333399999998, 0.11141858299999996, 0.04698633399999996, 0.05316133300000003, 0.046036540999999875, 0.004291582999999877, 0.0018235419999999003], "combine": [0.0043835840000000514, 4.1699999997479864e-07, 3.7499999994139444e-07, 0.004371250000000049, 0.002277290999999959, 0.0021417499999999423, 4.1699999997479864e-07, 4.1600000000308057e-07, 0.004791624999999966, 0.004139416999999979], "add_cons": [5.9582999999974184e-05, 4.587500000008404e-05, 4.2749999999980304e-05, 3.5083999999963034e-05, 3.1832999999981126e-05, 5.4957999999993845e-05, 4.766700000002899e-05, 5.425000000003344e-05, 5.620799999994652e-05, 4.745799999983369e-05], "constrain": [0.032362, 0.004710750000000097, 0.0014738750000000689, 0.008529542000000001, 0.000921041999999983, 0.004335458000000014, 0.029576000000000158, 0.0041009160000000655, 0.004148041000000102, 0.02267054199999996], "loop": [1.267270833]}, "final_exec_time": 1.368598792, "stages": [], "best_programs": [], "solution": {"code": "zendo(A):- piece(A,B),contact(B,C),contact(C,B).", "is_solution": true, "conf_matrix": [30, 0, 30, 0], "total_exec_time": 0.811226167, "durations": [{"operation": "Test", "called": 10, "total": 0.5346927079999996, "mean": 0.053469270799999954, "maximum": 0.14132912500000006, "__type__": "DurationSummary"}, {"operation": "Constrain", "called": 9, "total": 0.09015762400000049, "mean": 0.010017513777777832, "maximum": 0.032362, "__type__": "DurationSummary"}, {"operation": "Find_Bindings_Prolog", "called": 9, "total": 0.07803633499999996, "mean": 0.008670703888888884, "maximum": 0.027896958000000027, "__type__": "DurationSummary"}, {"operation": "Generate", "called": 10, "total": 0.06486966599999999, "mean": 0.0064869666, "maximum": 0.01990087500000004, "__type__": "DurationSummary"}, {"operation": "Combine", "called": 9, "total": 0.01796712499999986, "mean": 0.0019963472222222067, "maximum": 0.004791624999999966, "__type__": "DurationSummary"}, {"operation": "Add_Cons", "called": 9, "total": 0.0004282079999999855, "mean": 4.757866666666505e-05, "maximum": 5.9582999999974184e-05, "__type__": "DurationSummary"}], "__type__": "ProgramStats"}, "is_solution": true, "stats_file": "./results/zendo1/magicpopper/4/stats.json", "end": true, "__type__": "Stats"}, "parameter": null, "__typ__": "ExperimentResult"}