{"log_best_programs": true, "num_literals": 0, "total_programs": 31, "total_rules": 0, "total_ground_rules": 0, "durations": {"generate": [0.004964292000000037, 0.0010805830000000238, 0.007514542000000013, 0.002016209000000102, 0.0007207080000000143, 0.0007077910000000687, 0.008045666999999979, 0.0008586670000000352, 0.0006175000000000486, 0.0006685000000000718, 0.001593958000000062, 0.0007571670000000585, 0.005012374999999958, 0.0006962909999999045, 0.0023783749999999326, 0.0019343750000000437, 0.0012835410000000547, 0.0007158750000000325, 0.0007945419999999537, 0.0009700829999998994, 0.005703542000000006, 0.0008240000000001579, 0.0019360829999999218, 0.0012314580000001296, 0.0007556669999999599, 0.0023314580000000085, 0.00210987500000015, 0.0007369170000000036, 0.0028811669999999623, 0.0026420420000001776, 0.181491375, 0.004575374999999937], "find_bindings_prolog": [0.020822000000000007, 0.003805166999999998, 0.00393291699999998, 0.0037653330000000373, 0.00368895800000002, 0.003951417000000013, 0.003666417000000033, 0.0036607089999999287, 0.003651415999999963, 0.004091958999999923, 0.003624957999999956, 0.003722499999999962, 0.003728458000000101, 0.0036880000000001356, 0.0041489159999998915, 0.0038915829999999207, 0.003706666999999886, 0.0037179160000000433, 0.0037757499999999666, 0.004484374999999874, 0.0037807919999999218, 0.003836874999999962, 0.0037693329999999303, 0.0036917080000000713, 0.0037102909999999767, 0.00374470799999993, 0.0036789170000000038, 0.003745416999999973, 0.003699166000000087, 0.0036821250000000916, 0.003720625000000144], "find_bindings_z3": [0.06966466699999996, 0.06748212499999995, 0.01197208400000005, 0.011881916999999964, 0.011578624999999954, 0.012665334000000028, 0.011800083000000017, 0.011655708999999903, 0.01201195799999999, 0.01163583300000004, 0.031861832999999895, 0.032646667000000074, 0.023760541999999996, 0.03099904099999984, 0.031131457999999945, 0.024251582999999854, 0.032938417, 0.02421095800000006, 0.024138459, 0.03352337499999991, 0.03650012499999988, 0.025806707999999956, 0.031291709, 0.15612320800000012, 0.028884375000000073, 0.025606000000000018, 0.030933833999999827, 0.032309582999999975, 0.028477832999999952, 0.154437167, 0.1584740830000002], "test": [0.115523708, 0.07335599999999998, 0.016675915999999957, 0.016333166999999982, 0.015924750000000043, 0.017262832999999977, 0.016123917000000043, 0.01596624999999996, 0.01630187499999991, 0.016429124999999933, 0.03599658299999997, 0.03690654199999999, 0.02801824999999991, 0.035213416000000164, 0.03586891599999986, 0.02867816599999995, 0.037172334000000085, 0.028464749999999928, 0.02846258300000004, 0.03864483399999985, 0.04085283299999998, 0.030216417000000106, 0.03561204200000012, 0.16138425, 0.03315283299999994, 0.02989045899999998, 0.035144000000000064, 0.03658379099999998, 0.03270104099999993, 0.15977074999999985, 0.1645573330000003], "combine": [0.004004499999999966, 0.005074999999999941, 7.499999999938112e-07, 6.660000000380251e-07, 7.07999999960407e-07, 6.670000000097431e-07, 7.07999999960407e-07, 7.080000000714293e-07, 7.499999999938112e-07, 6.660000000380251e-07, 7.499999999938112e-07, 7.500000001048335e-07, 7.07999999960407e-07, 7.500000001048335e-07, 7.499999998827889e-07, 7.080000001824516e-07, 6.670000001207654e-07, 6.660000000380251e-07, 7.920000000272154e-07, 7.90999999944475e-07, 7.500000001048335e-07, 7.07999999960407e-07, 6.660000000380251e-07, 0.005322417000000135, 7.089999998211027e-07, 7.090000000431473e-07, 8.340000001716419e-07, 7.07999999960407e-07, 7.07999999960407e-07, 7.07999999960407e-07, 0.004980583000000038], "add_cons": [5.904199999995363e-05, 5.108400000009006e-05, 5.599999999994498e-05, 5.4208000000000034e-05, 5.245799999997747e-05, 5.2000000000052005e-05, 5.445800000003498e-05, 5.287500000006329e-05, 5.845800000003898e-05, 5.1291999999980575e-05, 5.225000000008695e-05, 5.4291000000095124e-05, 5.008399999995028e-05, 5.84160000001166e-05, 5.3290999999955346e-05, 5.100000000002325e-05, 5.162499999999959e-05, 5.27919999999682e-05, 6.0458999999957186e-05, 5.6124999999962455e-05, 5.524999999995117e-05, 5.4040999999838135e-05, 5.291600000001395e-05, 5.670900000009915e-05, 5.479200000002571e-05, 5.166599999983923e-05, 5.2833000000029884e-05, 5.329200000003809e-05, 5.19580000000186e-05, 5.0500000000175405e-05, 5.304200000022519e-05], "constrain": [0.0021370830000000396, 0.00037125000000004515, 0.003490415999999996, 0.0009390000000000231, 0.0009406670000000616, 0.0009237919999999233, 0.0008389580000000008, 0.0008280419999999733, 0.0009327080000000043, 0.0008267500000000982, 0.0011805000000000287, 0.001075417000000023, 0.0008638749999998474, 0.0008602090000000562, 0.0011726670000000716, 0.0008480420000001043, 0.0007447080000000383, 0.000739832999999912, 0.00097483399999998, 0.0008646670000000967, 0.0010568339999998955, 0.0010233339999998758, 0.0007445829999999098, 0.0010137500000000355, 0.0010150829999999722, 0.0007389159999999784, 0.0007399169999999788, 0.0007417499999999855, 0.0008453750000001481, 0.0007420000000000204, 0.0007981249999997608], "loop": [1.716927542]}, "final_exec_time": 1.8736462500000002, "stages": [], "best_programs": [], "solution": {"code": "halfplane(A,B):- leq(A,4),geq(B,-95).", "is_solution": true, "conf_matrix": [30, 0, 30, 0], "total_exec_time": 1.8639725839999999, "durations": [{"operation": "Test", "called": 31, "total": 1.4131896639999997, "mean": 0.0455867633548387, "maximum": 0.1645573330000003, "__type__": "DurationSummary"}, {"operation": "Find_Bindings_Z3", "called": 31, "total": 1.2306552929999994, "mean": 0.03969855783870966, "maximum": 0.1584740830000002, "__type__": "DurationSummary"}, {"operation": "Generate", "called": 31, "total": 0.24597462500000078, "mean": 0.007934665322580671, "maximum": 0.181491375, "__type__": "DurationSummary"}, {"operation": "Find_Bindings_Prolog", "called": 31, "total": 0.13458537299999973, "mean": 0.0043414636451612814, "maximum": 0.020822000000000007, "__type__": "DurationSummary"}, {"operation": "Constrain", "called": 30, "total": 0.030214960000000124, "mean": 0.0010071653333333375, "maximum": 0.003490415999999996, "__type__": "DurationSummary"}, {"operation": "Combine", "called": 30, "total": 0.014421372000000487, "mean": 0.00048071240000001624, "maximum": 0.005322417000000135, "__type__": "DurationSummary"}, {"operation": "Add_Cons", "called": 30, "total": 0.0016161650000002803, "mean": 5.387216666667601e-05, "maximum": 6.0458999999957186e-05, "__type__": "DurationSummary"}], "__type__": "ProgramStats"}, "is_solution": true, "stats_file": "./results/halfplane/numericalpopper/8/stats.json", "end": true, "__type__": "Stats"}