{"log_best_programs": true, "num_literals": 0, "total_programs": 109, "total_rules": 0, "total_ground_rules": 0, "durations": {"generate": [0.04759174999999999, 0.005388583000000002, 0.05923095899999997, 0.0012812500000003446, 0.01856087499999992, 0.002098417000000019, 0.0128474999999999, 0.0013441249999996963, 0.0015760419999999442, 0.00877620900000009, 0.0021727910000000072, 0.02565645800000027, 0.030525125000000042, 0.0037577920000000375, 0.001346916999999781, 0.0013427500000000592, 0.06558262500000023, 0.8426885830000002, 0.0011657920000001099, 0.009289208000000215, 0.0007856669999997123, 0.0012277909999998116, 0.0008382090000003117, 0.0009219999999992012, 0.0009983749999999958, 0.0014634159999999952, 0.0008860410000002261, 0.0012008329999995127, 0.0008530420000001371, 0.0013067500000003562, 0.0009776659999998216, 0.0012658339999997992, 0.0010075409999998897, 0.002152457999999413, 0.0007587090000003016, 0.0010882909999994084, 0.0008573339999999874, 0.0009252500000007657, 0.0010100419999998778, 0.0010434159999999082, 0.000728083000000268, 0.0008837919999997723, 0.000901124999999503, 0.0010916669999998518, 0.0007461250000000419, 0.0007208749999998432, 0.0007235420000002435, 0.0010071659999999483, 0.0007096669999997474, 0.0007146250000005239, 0.0007068750000005508, 0.0008797910000000186, 0.00069983299999965, 0.0007245419999994951, 0.000705875000000411, 0.006996749999999885, 0.0011605420000000422, 0.0014200829999992948, 0.0014758750000005705, 0.0012193749999998005, 0.004157916999999678, 0.0039075840000002415, 0.004802957999999968, 0.006095625000000382, 0.002298416999999553, 0.00764445899999977, 0.008766374999999549, 0.0017172089999997198, 0.01460179199999967, 0.02971733299999979, 0.204218, 0.013668040999999853, 0.13099062499999992, 0.18358133300000024, 0.0025912919999999673, 0.0008226250000005209, 0.13223216699999973, 0.006203750000000063, 0.0010038749999994323, 0.3373526250000003, 0.0010539170000001263, 0.0015032909999987965, 0.001100666000001027, 0.005929417000000825, 0.0012432909999997577, 0.0018562499999994486, 0.0011305830000001293, 0.395518375, 0.00107729199999973, 0.0012984579999990586, 0.0011249169999985043, 0.0059755829999996735, 0.01531895900000002, 0.006797458999999506, 0.004900625000001213, 0.03512520900000027, 0.01028283299999977, 0.0008384590000005687, 0.03267825000000002, 0.0008350000000003632, 0.010319541000001209, 0.0014972920000015932, 0.001030582999998586, 0.0021252499999988572, 0.0030205839999997153, 0.0009385840000000201, 0.0014274160000002922, 0.0010579579999987487, 0.001257292000000021, 0.9249955419999996], "find_bindings_prolog": [0.014458041999999949, 0.000815499999999969, 0.009766209000000026, 0.008539624999999607, 0.007952958999999815, 0.0069448750000002946, 0.007428583000000266, 0.01606545799999992, 0.0008844579999998103, 0.0007756250000001685, 0.0015363750000001453, 0.001486917000000254, 0.0008428330000000983, 0.003608792000000527, 0.007573833000000363, 0.008926874999999335, 0.00909408299999992, 0.009700542000000034, 0.0090082090000001, 0.009366625000000184, 0.00942099999999968, 0.008877541999999572, 0.00858512499999975, 0.008627666999999839, 0.00914762499999977, 0.009159416000000142, 0.009312582999999819, 0.009664207999999341, 0.008978415999999712, 0.009271292000000209, 0.00871154200000035, 0.008848667000000532, 0.00875750000000064, 0.008577708000000683, 0.00860345799999962, 0.0007047500000005869, 0.008529416000000012, 0.009013750000000265, 0.0007654160000001298, 0.0006923749999998563, 0.0006170000000000897, 0.0005855830000003337, 0.0006095409999993251, 0.0006127079999993512, 0.000566666999999299, 0.0005899999999998684, 0.0006275000000002251, 0.008687540999999577, 0.008558959000000144, 0.008745958000000442, 0.009083083999999353, 0.0011327909999998553, 0.0017904589999995224, 0.0026569160000002867, 0.003038667000000217, 0.003010082999999497, 0.0018722909999997484, 0.0018976670000006024, 0.0019570410000007143, 0.0014539999999998443, 0.0036069579999997714, 0.0017240000000002809, 0.0017204580000003133, 0.002897291000000024, 0.001956707999999807, 0.0016858329999998034, 0.0016334580000005872, 0.0016895410000001831, 0.0016091670000006886, 0.0010576670000004285, 0.00322045800000037, 0.001959249999999635, 0.0010610409999998183, 0.001921791000000006, 0.002377375000000015, 0.007774749999999386, 0.008333207999999814, 0.008055333000001497, 0.007948708000000693, 0.00819258399999967, 0.00802941700000126, 0.010731832999999469, 0.008209457999999614, 0.008601958999999937, 0.009186415999998587, 0.010507041000000328, 0.00864479100000004, 0.008936375000001107, 0.009204709000000477, 0.008911958000000553, 0.008812374999999761, 0.0031149169999995507, 0.0031351250000000164, 0.0030879170000002176], "test": [0.014912542000000029, 0.0011171669999999745, 2.5967849999999997, 0.08497558399999994, 0.0009169159999999899, 0.0008183330000002265, 0.06525470899999997, 0.001019499999999951, 0.060901041999999794, 0.05910154200000006, 0.03233649999999999, 0.0009890829999998907, 0.0013682080000001484, 0.001254333999999968, 0.0030772089999997476, 0.002925416999999708, 0.0013491669999998734, 0.04447183400000032, 0.048332332999999394, 0.04249845799999985, 0.044781958999999816, 0.14316766700000016, 0.10681279200000038, 0.11520266700000015, 0.11736612500000021, 0.0628647090000003, 0.04994458400000035, 0.04898112500000007, 0.06324379199999974, 0.05032129099999949, 0.05080391699999964, 0.06333966699999927, 0.04951424999999965, 0.044193874999999494, 0.04359970799999946, 0.04373608300000065, 0.04262762500000061, 0.04388150000000035, 0.04237641599999975, 0.0012886249999999322, 0.05331916699999972, 0.055595375000000224, 0.0013937089999993546, 0.0013183329999995053, 0.0012165839999997985, 0.0011499590000001447, 0.0011799999999997368, 0.0012129999999999086, 0.001125124999999727, 0.0011516660000001622, 0.0011925829999999138, 0.11037366700000018, 0.05483725000000028, 0.09291579100000025, 0.05460633399999981, 0.0028116250000005394, 0.003695957999999777, 0.008448249999999824, 0.010220874999999907, 0.010117375000000095, 0.003482250000000242, 0.0035292089999998666, 0.004088874999999881, 0.00542366599999955, 0.014466374999999587, 0.003849125000000342, 0.004020792000000384, 0.010984417000000413, 0.003804208000000031, 0.0036616250000003348, 0.0021847500000005127, 0.0027710409999999186, 0.002141625000000147, 0.001421124999999357, 0.005769916999999403, 0.006629915999999625, 0.0014259589999996436, 0.004255291999999855, 0.004314624999999239, 0.09215012499999986, 0.07216641700000004, 0.09678179199999981, 0.09716004100000042, 0.11427895799999988, 0.12267170800000038, 0.10703325000000063, 0.09359766699999916, 0.09683462499999962, 0.22753150000000133, 0.17483074999999992, 0.1612691660000003, 0.09830000000000005, 0.0014293339999991161, 0.0010860419999989546, 0.001530166999998528, 0.13549875, 0.16877337500000067, 0.15969487499999957, 0.07415320800000025, 0.005432416999999745, 0.0010128750000006903, 0.0009158329999987558, 0.0007686249999991901, 0.000942999999999472, 0.0009639169999999808, 0.0012882499999999908, 0.0009333749999989038, 0.0009995419999988542, 0.12584095800000128],