{"problem_name": "interval", "system_id": ["numsynth"], "system_name": "popper", "trial": 3, "solution": "interval(A):- geq(A,71).", "total_exec_time": 0.12805850000000002, "conf_matrix": [], "extra_stats": {"log_best_programs": true, "num_literals": 0, "total_programs": 1, "total_rules": 0, "total_ground_rules": 0, "durations": {"generate": [0.00041012500000003893, 2.925000000003619e-05], "find_bindings_prolog": [0.014360874999999995], "find_bindings_z3": [0.048958749999999995], "test": [0.08398800000000001], "combine": [0.00269333300000002], "add_cons": [3.304200000003865e-05], "constrain": [0.0011707499999999982]}, "final_exec_time": 0.12805850000000002, "stages": [], "best_programs": [], "solution": {"code": "interval(A):- geq(A,71).", "is_solution": true, "conf_matrix": [18, 0, 29, 0], "total_exec_time": 0.12495337499999998, "durations": [{"operation": "Test", "called": 1, "total": 0.08398800000000001, "mean": 0.08398800000000001, "maximum": 0.08398800000000001, "__type__": "DurationSummary"}, {"operation": "Find_Bindings_Z3", "called": 1, "total": 0.048958749999999995, "mean": 0.048958749999999995, "maximum": 0.048958749999999995, "__type__": "DurationSummary"}, {"operation": "Find_Bindings_Prolog", "called": 1, "total": 0.014360874999999995, "mean": 0.014360874999999995, "maximum": 0.014360874999999995, "__type__": "DurationSummary"}, {"operation": "Generate", "called": 1, "total": 0.00041012500000003893, "mean": 0.00041012500000003893, "maximum": 0.00041012500000003893, "__type__": "DurationSummary"}], "__type__": "ProgramStats"}, "is_solution": true, "stats_file": "./results/interval/numsynth/3/stats.json", "end": true, "__type__": "Stats"}, "parameter": null, "__typ__": "ExperimentResult"}