{"log_best_programs": true, "num_literals": 0, "total_programs": 47, "total_rules": 0, "total_ground_rules": 0, "durations": {"generate": [0.0022742499999999777, 0.004261249999999994, 0.0019729999999998915, 0.0006728339999999555, 0.0008703749999999788, 0.01754445800000004, 0.008917041000000014, 0.0017249580000000542, 0.0007937080000000041, 0.0011168750000001282, 0.0007867499999998362, 0.004870957999999925, 0.005816083999999888, 0.003154249999999914, 0.013346749999999963, 0.0016843750000001823, 0.04146120800000008, 0.002192415999999975, 0.0006329170000001216, 0.0005946660000000215, 0.007859667000000181, 0.0033796669999999196, 0.0007386670000000262, 0.0008047909999999714, 0.0005984999999999463, 0.04437333299999979, 0.008004917000000056, 0.0013440000000000119, 0.0007574169999999825, 0.0007866670000000742, 0.0474254580000002, 0.0011792090000000144, 0.006964084000000259, 0.0020114580000001325, 0.0007926659999997199, 0.0009096659999996426, 0.0007888340000001826, 0.028234041999999793, 0.004409125000000014, 0.003920458000000071, 0.02958154199999985, 0.0039002500000000495, 0.0013520410000000815, 0.017657333000000275, 0.0006224999999999703, 0.004636040999999924, 0.12153220800000009, 0.61752275], "find_bindings_prolog": [0.029086166999999996, 0.000720083000000038, 0.0006440409999999286, 0.009509291999999947, 0.011353874999999958, 0.013433499999999987, 0.013054375000000062, 0.0005703329999999784, 0.000524082999999953, 0.012280333999999948, 0.013358667000000102, 0.006833832999999956, 0.0019849169999999194, 0.007557166999999865, 0.001964791999999882, 0.006445875000000045, 0.0006260419999999378, 0.0006023749999999328, 0.0006428750000000427, 0.0005883749999999743, 0.00627858300000006, 0.005359540999999801, 0.0061736250000001824, 0.005336999999999925, 0.0005827499999999652, 0.0005886250000002313, 0.0005630829999998532, 0.0006590829999999492, 0.005445166999999973, 0.006102166999999881, 0.005464457999999617, 0.006153000000000297, 0.0006400840000000407, 0.013060083000000056, 0.011882125000000077, 0.01049716700000003, 0.012363082999999886, 0.012883959000000278, 0.0008021670000002423, 0.000852958999999931, 0.0007449580000002953], "test": [0.16488104200000003, 0.0011288749999999181, 0.0009420829999999825, 0.07655370799999994, 0.08734829199999994, 0.10278266699999994, 0.1462934170000001, 0.0010288750000000402, 0.0008598749999999544, 0.09521145800000008, 0.0887272910000001, 0.04912874999999994, 0.004854166999999965, 0.0720665410000001, 0.0069048750000000325, 0.09500516599999997, 0.001069374999999928, 0.00110137499999996, 0.0011359580000001035, 0.0009074169999998549, 0.0020047499999999996, 0.0018197920000000423, 0.0011682080000001704, 0.0008782919999998917, 0.000872709000000027, 0.043581583000000146, 0.038643709000000026, 0.04569508400000011, 0.07232404199999998, 0.0009969170000001526, 0.0009292499999999926, 0.0008861250000000709, 0.002568708000000086, 0.07553037500000004, 0.06642829199999989, 0.0590706670000003, 0.04108858400000015, 0.0012473750000001615, 0.1328312079999998, 0.13388383400000015, 0.10330333299999994, 0.08268108399999985, 0.08463004100000004, 0.0014683339999996825, 0.0013630409999998427, 0.0012442500000000578, 0.0013565839999998275], "combine": [0.004381625000000056, 4.1699999997479864e-07, 3.7500000005241674e-07, 0.0025982919999999465, 0.002875167000000012, 4.580000000364848e-07, 4.580000001475071e-07, 4.1699999986377634e-07, 4.5900000000820285e-07, 4.5900000000820285e-07, 4.1700000008582094e-07, 4.5900000000820285e-07, 0.005668624999999983, 1.1249999998241833e-06, 0.007329125000000047, 1.166000000107914e-06, 4.1700000008582094e-07, 4.1600000000308057e-07, 5.419999999922709e-07, 3.7499999994139444e-07, 1.125000000046228e-06, 1.0839999999845418e-06, 3.7499999994139444e-07, 3.7499999994139444e-07, 3.7499999994139444e-07, 4.1700000008582094e-07, 3.7499999994139444e-07, 3.7500000016343904e-07, 1.1249999998241833e-06, 3.7499999994139444e-07, 3.340000001017529e-07, 3.7499999994139444e-07, 1.1669999997465652e-06, 4.580000001475071e-07, 4.1699999986377634e-07, 4.580000001475071e-07, 4.160000002251252e-07, 3.7499999994139444e-07, 4.5799999970341787e-07, 4.1699999986377634e-07, 4.1700000030786555e-07, 3.7499999994139444e-07, 3.7499999994139444e-07, 4.1699999986377634e-07, 3.7499999994139444e-07, 3.7499999994139444e-07, 0.004932208000000049], "add_cons": [5.741700000005956e-05, 4.43749999999854e-05, 4.2417000000072314e-05, 3.295799999991633e-05, 3.0415999999977572e-05, 3.4249999999902414e-05, 5.095899999996156e-05, 4.979199999999295e-05, 4.925000000000068e-05, 3.341700000003556e-05, 4.8416000000051085e-05, 4.454199999992525e-05, 5.216600000013116e-05, 0.00014449999999999186, 5.5582999999970184e-05, 0.0001466669999998782, 4.937499999990713e-05, 5.420899999997175e-05, 5.5083999999983035e-05, 5.0625000000081855e-05, 0.0001367500000000188, 0.00013179199999990843, 4.470799999989339e-05, 4.1458000000105244e-05, 4.0958000000035355e-05, 4.833300000006702e-05, 5.1792000000050464e-05, 4.4959000000011073e-05, 0.0001472500000001542, 4.9583000000019695e-05, 5.074999999976626e-05, 4.991700000012145e-05, 0.00013183299999974807, 5.491599999984942e-05, 5.2166999999769814e-05, 5.5375000000079666e-05, 5.258299999999494e-05, 5.950000000032318e-05, 6.100000000008876e-05, 6.299999999992423e-05, 3.6542000000139296e-05, 3.3374999999669086e-05, 5.68340000000056e-05, 5.520800000002879e-05, 5.762500000017212e-05, 5.366699999997948e-05, 4.762500000010661e-05], "constrain": [0.01792470800000001, 0.004648041999999908, 0.00145833399999995, 0.00854795900000005, 0.000908708999999952, 0.002511832999999908, 0.007042082999999977, 0.004046916000000067, 0.004053499999999932, 0.0015509160000000133, 0.006824500000000011, 0.00624058400000016, 0.00402300000000011, 0.03148054099999986, 0.004009999999999847, 0.006798124999999988, 0.008827499999999988, 0.016535291999999924, 0.009460374999999965, 0.008001541999999917, 0.0064531249999999485, 0.004637207999999893, 0.003567291999999833, 0.0037831669999999207, 0.0035177920000000196, 0.009087375000000009, 0.004039000000000126, 0.006135957999999997, 0.004645250000000045, 0.004028125000000049, 0.009155291999999982, 0.008000458000000155, 0.011753624999999879, 0.004061749999999975, 0.004086708999999633, 0.004199416000000067, 0.0040780420000001705, 0.011503083000000025, 0.005679375000000153, 0.005650375000000096, 0.0015131660000000657, 0.002460124999999813, 0.004808834000000317, 0.0029269580000002016, 0.004760708000000058, 0.0028893329999997164, 0.001197374999999834], "loop": [3.401628625]}, "final_exec_time": 3.493160667, "stages": [], "best_programs": [], "solution": {"code": "zendo(A):- piece(A,B),contact(B,C),contact(C,B).", "is_solution": true, "conf_matrix": [30, 0, 30, 0], "total_exec_time": 2.871422792, "durations": [{"operation": "Test", "called": 47, "total": 1.9964273780000004, "mean": 0.04247717825531916, "maximum": 0.16488104200000003, "__type__": "DurationSummary"}, {"operation": "Generate", "called": 47, "total": 0.4592536640000002, "mean": 0.009771354553191494, "maximum": 0.12153220800000009, "__type__": "DurationSummary"}, {"operation": "Constrain", "called": 46, "total": 0.2923159999999997, "mean": 0.0063546956521739065, "maximum": 0.03148054099999986, "__type__": "DurationSummary"}, {"operation": "Find_Bindings_Prolog", "called": 41, "total": 0.24421466800000002, "mean": 0.005956455317073171, "maximum": 0.029086166999999996, "__type__": "DurationSummary"}, {"operation": "Combine", "called": 46, "total": 0.022874003999999615, "mean": 0.0004972609565217308, "maximum": 0.007329125000000047, "__type__": "DurationSummary"}, {"operation": "Add_Cons", "called": 46, "total": 0.0027882929999997197, "mean": 6.061506521738521e-05, "maximum": 0.0001472500000001542, "__type__": "DurationSummary"}], "__type__": "ProgramStats"}, "is_solution": true, "stats_file": "./results/zendo1/magicpopper/7/stats.json", "end": true, "__type__": "Stats"}