{"log_best_programs": true, "num_literals": 0, "total_programs": 1, "total_rules": 0, "total_ground_rules": 0, "durations": {"generate": [0.0019338750000000293], "find_bindings_prolog": [0.022402666999999987], "test": [0.13655204200000004]}, "final_exec_time": 0, "stages": [], "best_programs": [], "solution": {"code": "zendo(A):- piece(A,B),position(B,1.76,8.31),magic(8.31),magic(1.76).\nzendo(A):- piece(A,B),position(B,9.77,5.74),magic(5.74),magic(9.77).\nzendo(A):- piece(A,B),position(B,1.82,8.84),magic(8.84),magic(1.82).\nzendo(A):- piece(A,B),position(B,2.99,4.45),magic(4.45),magic(2.99).\nzendo(A):- piece(A,B),position(B,1.7171360860791434,2.389741376913979),magic(2.389741376913979),magic(1.7171360860791434).\nzendo(A):- piece(A,B),position(B,0.3,8.38),magic(8.38),magic(0.3).\nzendo(A):- piece(A,B),position(B,4.253563023433238,0.11643555680302722),magic(0.11643555680302722),magic(4.253563023433238).\nzendo(A):- piece(A,B),position(B,0.3,2.48),magic(2.48),magic(0.3).\nzendo(A):- piece(A,B),position(B,0.04318105910176994,3.1103005827918153),magic(0.04318105910176994),magic(3.1103005827918153).\nzendo(A):- piece(A,B),position(B,5.84,7.53),magic(7.53),magic(5.84).\nzendo(A):- piece(A,B),position(B,0.42579769110681387,2.2153807254254034),magic(0.42579769110681387),magic(2.2153807254254034).\nzendo(A):- piece(A,B),position(B,0.04,2.22),magic(0.04),magic(2.22).\nzendo(A):- piece(A,B),position(B,0.54,7.17),magic(7.17),magic(0.54).\nzendo(A):- piece(A,B),position(B,2.4580015531370867,0.10267547800087248),magic(0.10267547800087248),magic(2.4580015531370867).\nzendo(A):- piece(A,B),position(B,0.74,1.84),magic(1.84),magic(0.74).\nzendo(A):- piece(A,B),position(B,1.9,4.68),magic(1.9),magic(4.68).\nzendo(A):- piece(A,B),position(B,4.03,0.81),magic(0.81),magic(4.03).\nzendo(A):- piece(A,B),position(B,1.75,6.04),magic(6.04),magic(1.75).\nzendo(A):- piece(A,B),position(B,0.7132107163220193,1.0825882176788006),magic(1.0825882176788006),magic(0.7132107163220193).\nzendo(A):- piece(A,B),position(B,0.3614170066141784,2.142791356262829),magic(0.3614170066141784),magic(2.142791356262829).\nzendo(A):- piece(A,B),position(B,0.69,1.02),magic(0.69),magic(1.02).\nzendo(A):- piece(A,B),position(B,1.101138670325154,2.797461851667447),magic(2.797461851667447),magic(1.101138670325154).\nzendo(A):- piece(A,B),position(B,0.7021157470384056,0.5260125589322486),magic(0.5260125589322486),magic(0.7021157470384056).\nzendo(A):- piece(A,B),position(B,2.0629876388691804,1.8484498332178747),magic(1.8484498332178747),magic(2.0629876388691804).\nzendo(A):- piece(A,B),position(B,0.5660674392244527,2.515526850686125),magic(0.5660674392244527),magic(2.515526850686125).\nzendo(A):- piece(A,B),position(B,7.38,2.19),magic(2.19),magic(7.38).\nzendo(A):- piece(A,B),position(B,0.75,1.71),magic(1.71),magic(0.75).\nzendo(A):- piece(A,B),position(B,3.78,4.65),magic(4.65),magic(3.78).\nzendo(A):- piece(A,B),position(B,0.19,7.2),magic(7.2),magic(0.19).\nzendo(A):- piece(A,B),position(B,0.26,6.88),magic(0.26),magic(6.88).", "is_solution": true, "conf_matrix": [30, 0, 30, 0], "total_exec_time": 0.22817325000000005, "durations": [{"operation": "Test", "called": 1, "total": 0.13655204200000004, "mean": 0.13655204200000004, "maximum": 0.13655204200000004, "__type__": "DurationSummary"}, {"operation": "Find_Bindings_Prolog", "called": 1, "total": 0.022402666999999987, "mean": 0.022402666999999987, "maximum": 0.022402666999999987, "__type__": "DurationSummary"}, {"operation": "Generate", "called": 1, "total": 0.0019338750000000293, "mean": 0.0019338750000000293, "maximum": 0.0019338750000000293, "__type__": "DurationSummary"}], "__type__": "ProgramStats"}, "is_solution": true, "stats_file": "./results/zendo2/magicpopper/1/stats.json", "end": false, "__type__": "Stats"}