{"problem_name": "zendo1", "system_id": ["magicpopper"], "system_name": "popper", "trial": 6, "solution": "zendo(A):- piece(A,C),contact(C,B),contact(B,C).", "total_exec_time": 1.624393833, "conf_matrix": [1000, 0, 999, 1], "extra_stats": {"log_best_programs": true, "num_literals": 0, "total_programs": 27, "total_rules": 0, "total_ground_rules": 0, "durations": {"generate": [0.002166292000000014, 0.004271875000000036, 0.0016878750000000053, 0.0011602910000000355, 0.0009710829999999282, 0.01877779199999996, 0.013779582999999929, 0.0017029159999999433, 0.0017292080000000931, 0.0008304590000000056, 0.007010791999999988, 0.0007490420000000331, 0.008012082999999892, 0.000599166999999845, 0.0009404589999999491, 0.0008089580000001373, 0.0012097500000001205, 0.0008867089999999855, 0.0015726659999999448, 0.0007929169999998376, 0.0010932079999999011, 0.0014526249999999852, 0.0024380420000000846, 0.0006054159999999698, 0.0005876250000000915, 0.0006177499999999725, 0.046163207999999845, 0.538897], "find_bindings_prolog": [0.02511016599999999, 0.0007825830000000034, 0.000670291000000045, 0.008852749999999965, 0.013496999999999981, 0.0018450829999999696, 0.006151958000000013, 0.007130291999999927, 0.006195083000000046, 0.001966416999999998, 0.011132999999999948, 0.0006002499999999689, 0.0005667499999999492, 0.0005653330000001677, 0.000549209000000106, 0.0005632079999999817, 0.0006082079999998324, 0.0005846659999999559, 0.0005999579999997895, 0.0005712090000000725, 0.010837083000000192], "test": [0.10777583300000004, 0.0011982079999999229, 0.0009913330000000942, 0.06124395800000004, 0.10110779199999997, 0.00637825000000003, 0.05449399999999993, 0.06560733299999999, 0.04136916600000007, 0.0049258750000000795, 0.0012707080000000648, 0.08899741699999986, 0.0012214999999999865, 0.0010410000000000696, 0.0010383329999998914, 0.0010077079999999405, 0.0010390419999999345, 0.0011224169999999312, 0.0010732079999999922, 0.0010912080000000657, 0.0010476249999999965, 0.09026487499999991, 0.0012695000000000345, 0.0011492500000001016, 0.000891084000000042, 0.0010814169999999734, 0.0011883749999999083], "combine": [0.00425629200000005, 3.7499999994139444e-07, 3.7500000005241674e-07, 0.002544875000000002, 0.002315665999999994, 0.007030167000000032, 4.5900000000820285e-07, 4.1700000008582094e-07, 4.579999999254625e-07, 0.0032556249999999842, 4.1699999997479864e-07, 1.291000000014364e-06, 4.1600000000308057e-07, 3.7500000016343904e-07, 3.7499999994139444e-07, 4.1600000000308057e-07, 3.7499999994139444e-07, 3.7499999994139444e-07, 3.340000001017529e-07, 4.1699999986377634e-07, 4.1600000000308057e-07, 4.1699999986377634e-07, 4.1600000000308057e-07, 4.579999999254625e-07, 3.7500000016343904e-07, 4.1699999986377634e-07, 0.0045338750000001315], "add_cons": [5.79580000000246e-05, 4.4750000000037815e-05, 4.337499999995664e-05, 3.6583999999950656e-05, 3.124999999992717e-05, 5.504099999997791e-05, 5.299999999996974e-05, 4.8332999999955994e-05, 5.124999999994717e-05, 5.24170000000268e-05, 4.554199999995401e-05, 0.00017225000000009594, 5.616699999988484e-05, 5.374999999996355e-05, 5.450000000006838e-05, 5.449999999984634e-05, 5.437499999993989e-05, 5.6791999999861176e-05, 5.566700000003699e-05, 5.370899999990186e-05, 5.429199999995582e-05, 5.870800000007392e-05, 4.45420000001473e-05, 4.399999999993298e-05, 4.345799999994071e-05, 4.4334000000034735e-05, 4.6415999999993574e-05], "constrain": [0.01993575000000003, 0.004742958000000019, 0.0014848750000000521, 0.008687792000000027, 0.0009119999999999129, 0.00439162500000001, 0.004151749999999899, 0.030355542000000013, 0.004076167000000019, 0.004066459000000022, 0.002173374999999922, 0.00607629200000015, 0.010538041999999859, 0.009508709000000115, 0.00948883300000003, 0.009539041999999887, 0.01042691699999998, 0.009561333000000172, 0.00958250000000005, 0.009643500000000138, 0.009560625000000211, 0.005699291999999856, 0.003869458000000048, 0.0035848329999998985, 0.0041374589999998435, 0.003567292000000055, 0.0011915410000000737], "loop": [1.531512459]}, "final_exec_time": 1.624393833, "stages": [], "best_programs": [], "solution": {"code": "zendo(A):- piece(A,C),contact(C,B),contact(B,C).", "is_solution": true, "conf_matrix": [30, 0, 30, 0], "total_exec_time": 1.081456625, "durations": [{"operation": "Test", "called": 27, "total": 0.6408864149999999, "mean": 0.023736533888888883, "maximum": 0.10777583300000004, "__type__": "DurationSummary"}, {"operation": "Constrain", "called": 26, "total": 0.19976242000000022, "mean": 0.007683170000000008, "maximum": 0.030355542000000013, "__type__": "DurationSummary"}, {"operation": "Generate", "called": 27, "total": 0.12261779099999953, "mean": 0.00454139966666665, "maximum": 0.046163207999999845, "__type__": "DurationSummary"}, {"operation": "Find_Bindings_Prolog", "called": 21, "total": 0.0993804969999999, "mean": 0.004732404619047614, "maximum": 0.02511016599999999, "__type__": "DurationSummary"}, {"operation": "Combine", "called": 26, "total": 0.019411998999999847, "mean": 0.0007466153461538402, "maximum": 0.007030167000000032, "__type__": "DurationSummary"}, {"operation": "Add_Cons", "called": 26, "total": 0.001420543999999413, "mean": 5.463630769228511e-05, "maximum": 0.00017225000000009594, "__type__": "DurationSummary"}], "__type__": "ProgramStats"}, "is_solution": true, "stats_file": "./results/zendo1/magicpopper/6/stats.json", "end": true, "__type__": "Stats"}, "parameter": null, "__typ__": "ExperimentResult"}