{"log_best_programs": true, "num_literals": 0, "total_programs": 106, "total_rules": 0, "total_ground_rules": 0, "durations": {"generate": [0.305552583, 0.0016359580000000484, 0.014639457999999994, 0.6704456670000001, 0.0010427090000000305, 0.0007596659999999922, 0.10118291700000004, 0.04956658299999983, 0.01738370800000011, 0.037298207999999944, 0.0036397080000001303, 0.01280045899999993, 0.0007390410000001069, 0.24897995900000014, 0.0009497500000001935, 0.00394783299999979, 0.001144666000000072, 1.1915725830000001, 0.0006918749999997864, 0.000705625000000154, 0.0006186660000002675, 0.8165121249999996, 0.003365999999999758, 0.04948695900000022, 0.13553683399999983, 0.0008184579999994668, 0.058323459000000355, 0.07918829200000044, 0.0015761669999996286, 1.2130597920000001, 0.0006862920000001438, 0.011529042000000267, 0.0007568750000004343, 0.0342737909999995, 0.0007052080000002903, 0.014444291999999415, 0.20874587499999997, 0.0005517079999997065, 0.1423343749999999, 0.000634791000000412, 0.08041058299999992, 0.0006044589999998351, 0.24123204200000004, 0.07056708300000025, 0.0736561250000003, 2.029628999999999, 0.0012151249999998726, 1.049004709, 1.0312128330000014, 0.000649792000000815, 0.05794249999999934, 0.0006094169999997234, 0.5391198750000008, 0.0006053329999993196, 0.5946253340000016, 0.0066821669999992395, 0.001939417000000887, 0.001267832999999996, 0.023576667000000384, 0.0024142919999992074, 0.0009072910000007539, 0.001508541999999835, 0.006168291999999909, 0.001483417000001097, 0.0006996250000010917, 0.0007130409999991372, 0.0007545829999990872, 0.001244916000000984, 0.0008567920000004392, 0.0008120419999997353, 0.004673083000000133, 0.0007812910000009055, 0.003181749999999539, 0.0012568339999994294, 0.0008191249999995875, 0.0010399999999997078, 0.00829958300000122, 0.0011520420000010745, 0.0010112500000012403, 0.00275629199999905, 0.0022404580000010554, 0.0029862079999993796, 0.0008277500000009042, 0.004120834000000073, 0.0012028330000006804, 0.002136583000000414, 0.004761000000000237, 0.0010306670000002072, 0.0007116250000009927, 0.0007837080000001606, 0.0018299999999999983, 0.0009822080000017053, 0.06504416699999993, 0.002689999999999415, 0.0008876249999989483, 0.0010428749999995546, 0.0008761669999994837, 0.0031479169999997225, 0.00708079099999992, 0.0007892080000004853, 0.0007796249999998395, 0.0014344160000003825, 0.009469208000000506, 0.0007077499999983417, 0.0011742090000002037, 0.07775629200000012], "test": [0.030034333999999996, 0.0007690830000000037, 0.0010071249999999976, 0.023627375000000006, 0.004956458000000108, 0.01595066700000003, 0.0019039999999999058, 0.0011670829999999022, 0.0010907499999999182, 0.002057374999999917, 0.0010327500000000267, 0.01769016599999995, 0.015206250000000088, 0.13405945899999994, 0.033955332999999754, 0.11851320899999962, 0.1227083750000002, 0.0015890829999998246, 0.001356083000000119, 0.0013100419999996227, 0.002463749999999987, 0.007369416999999601, 0.00702787500000035, 0.00975162499999982, 0.030210666999999525, 0.03354575000000004, 0.019096541000000578, 0.020460415999999704, 0.022235874999999794, 0.0016574590000004719, 0.0024925410000005144, 0.0027953749999998223, 0.0017682500000004708, 0.0015899169999995522, 0.003701834000000126, 0.0036604169999998604, 0.0010434579999998306, 0.001601374999999905, 0.0012491659999991356, 0.001480791999999731, 0.0009255839999999793, 0.0010433330000001462, 0.0011066250000002498, 0.0012518750000003465, 0.000880083000000198, 0.0008817499999995704, 0.0010965410000007836, 0.0010525420000000452, 0.0024099159999995123, 0.0011541249999993397, 0.001321792000000599, 0.0009358749999996974, 0.0032759169999998505, 0.0013276250000000545, 0.0016454579999987118, 0.0017024160000005395, 0.0015904579999990176, 0.0015353749999995614, 0.001397875000000326, 0.001330832999999032, 0.0014158749999992892, 0.0012164999999999537, 0.016401874999999677, 0.004398459000000798, 0.004066957999999232, 0.004209916999998953, 0.004795207999999107, 0.016862417000000463, 0.017081583999999594, 0.017232290999999123, 0.002759041000000906, 0.0024189589999998873, 0.0026342919999997605, 0.02150966600000004, 0.02016712499999862, 0.021355833000001212, 0.0014754589999999013, 0.001003250000000122, 0.0010681249999997533, 0.0010980829999986952, 0.001204750000001198, 0.0009433330000003792, 0.0009521250000013026, 0.0008688750000001022, 0.0008990409999984905, 0.0010631660000015586, 0.003318000000000154, 0.02038899999999977, 0.02079825000000035, 0.020696040999999, 0.0033336659999996243, 0.003196583000001141, 0.011698083999998943, 0.0030055000000004384, 0.0032444580000010603, 0.0033347909999985603, 0.004555875000001208, 0.0031693749999988086, 0.011550333000000634, 0.011608209000000258, 0.011343042000000025, 0.019518917000000968, 0.0018560829999998418, 0.0018703329999993912, 0.001766499999998672, 0.008817750000000402], "combine": [4.999999999588667e-07, 4.1699999997479864e-07, 4.1600000000308057e-07, 0.004673042000000072, 4.1700000008582094e-07, 4.5900000000820285e-07, 0.0010410839999999144, 4.5900000000820285e-07, 3.7500000016343904e-07, 4.5900000000820285e-07, 4.1700000008582094e-07, 4.5900000000820285e-07, 4.580000001475071e-07, 0.004664749999999884, 5.00000000069889e-07, 4.1700000030786555e-07, 4.5799999970341787e-07, 4.160000002251252e-07, 4.1599999978103597e-07, 4.1700000030786555e-07, 0.004679874999999889, 0.0024171660000007478, 4.1599999978103597e-07, 4.1699999986377634e-07, 1.250000000396767e-06, 1.2089999996689471e-06, 3.7500000082957285e-07, 4.5799999970341787e-07, 4.5799999970341787e-07, 4.5899999978615824e-07, 4.082999999432957e-06, 4.1700000075195476e-07, 4.1599999978103597e-07, 4.5799999970341787e-07, 4.5899999978615824e-07, 3.7499999994139444e-07, 4.1699999986377634e-07, 4.1599999978103597e-07, 4.1699999986377634e-07, 4.1699999986377634e-07, 4.5900000067433666e-07, 4.1599999978103597e-07, 4.1599999978103597e-07, 3.7499999994139444e-07, 4.1599999978103597e-07, 3.7500000082957285e-07, 4.5900000067433666e-07, 4.580000005915963e-07, 4.169999989755979e-07, 5.000000005139782e-07, 4.5799999881523945e-07, 5.000000005139782e-07, 5.000000005139782e-07, 3.74999999053216e-07, 5.000000005139782e-07, 1.3750000000811724e-06, 4.5900000067433666e-07, 3.832999999175968e-06, 4.169999989755979e-07, 4.169999989755979e-07, 4.580000005915963e-07, 3.7500000082957285e-07, 4.589999988979798e-07, 4.160000006692144e-07, 5.419999986600033e-07, 4.5900000067433666e-07, 4.999999987376214e-07, 4.5900000067433666e-07, 4.169999989755979e-07, 4.580000005915963e-07, 4.580000005915963e-07, 4.169999989755979e-07, 4.5799999881523945e-07, 4.589999988979798e-07, 4.1700000075195476e-07, 4.1700000075195476e-07, 4.160000006692144e-07, 4.1700000075195476e-07, 4.5799999881523945e-07, 4.169999989755979e-07, 3.7500000082957285e-07, 4.1700000075195476e-07, 4.1700000075195476e-07, 4.1700000075195476e-07, 4.1700000075195476e-07, 4.160000006692144e-07, 4.5799999881523945e-07, 0.0026492910000008862, 4.580000005915963e-07, 4.160000006692144e-07, 4.160000006692144e-07, 3.7500000082957285e-07, 0.002774084000000343, 3.74999999053216e-07, 4.160000006692144e-07, 3.7500000082957285e-07, 4.1700000075195476e-07, 3.74999999053216e-07, 4.589999988979798e-07, 4.1599999889285755e-07, 4.169999989755979e-07, 3.7500000082957285e-07, 4.589999988979798e-07, 4.169999989755979e-07, 3.7500000082957285e-07],