{"problem_name": "zendo1", "system_id": ["numericalpopper"], "system_name": "popper", "trial": 2, "solution": "zendo(A):- piece(A,C),contact(C,E),size(E,B),geq(B,4.23).", "total_exec_time": 11.776524583, "conf_matrix": [955, 45, 1000, 0], "extra_stats": {"log_best_programs": true, "num_literals": 0, "total_programs": 116, "total_rules": 0, "total_ground_rules": 0, "durations": {"generate": [0.04736108400000005, 0.005860874999999988, 0.03200858399999995, 0.0011207499999996706, 0.006431749999999958, 0.0021895419999999888, 0.011245208000000062, 0.0010419169999997813, 0.00543162499999994, 0.4104980829999998, 0.024732124999999883, 0.0033894999999999342, 0.060866458000000456, 0.012126916999999793, 0.0032719999999999416, 0.16382616699999986, 0.28841783299999957, 0.3243559170000001, 0.0017960419999996091, 0.0030454589999999726, 0.0011123330000000209, 0.0025707089999995603, 0.0009184160000001995, 0.0020826250000007818, 0.0009030000000000982, 0.002213042000000165, 0.0010629579999994476, 0.002696166000000666, 0.0009579999999997924, 0.0017916250000000744, 0.0008765830000001529, 0.008569125000000177, 0.00083354200000052, 0.0008558330000001391, 0.0008383329999999134, 0.0010420419999999098, 0.0012627080000005009, 0.0008563750000005754, 0.0010105409999994208, 0.0008398339999997617, 0.0012265000000004633, 0.0008322920000001233, 0.0011367090000007352, 0.01511745799999975, 0.0010144170000003783, 0.0026759580000002003, 0.0007652089999998779, 0.001236708999999614, 0.0018856670000007014, 0.011456707999999871, 0.0020855840000004733, 0.13195487499999992, 0.0007227499999995501, 0.000725709000001018, 0.0008075830000002782, 0.0023954169999989006, 0.0007646670000003297, 0.0010454580000001101, 0.0007641669999998157, 0.001662415999998501, 0.0008237910000001847, 0.0008954169999988437, 0.0008569170000001236, 0.009518209000001221, 0.0033502079999987444, 0.002580207999999473, 0.0011712919999986582, 0.0010325840000007247, 0.045979334000000094, 0.11146550000000133, 0.0041494160000006275, 0.001443417000000835, 0.0555417079999998, 0.001022208000000191, 0.0011567499999998176, 0.005853749999999991, 0.0008001669999995187, 0.0012980000000002434, 0.384484917, 0.0011284590000002481, 0.17627508300000017, 0.0006818750000014973, 0.13745570799999918, 0.005528291999999269, 0.10446487499999968, 0.0023042909999997363, 0.03349645800000012, 0.016757374999999186, 0.011621541999998541, 0.0008528329999997197, 0.003449292000000881, 0.040953207999999464, 0.0022997080000006775, 0.0009237920000000344, 0.00656454099999948, 0.0006912920000008427, 0.009369792000001098, 0.0007081669999990936, 0.0018402910000006045, 0.002665916999999851, 0.008477665999999218, 0.0007161250000002894, 0.0015808330000002258, 0.0008235829999989619, 0.01369154100000003, 0.0010367080000008855, 0.0006849169999991744, 0.0015964999999997787, 0.0008301660000000766, 0.004946832999999984, 0.013065166000000517, 0.0008937920000011701, 0.002675208999999512, 0.018183041000000344, 0.15290475000000114, 0.0008053750000005522, 0.8864676669999998], "find_bindings_prolog": [0.022690833999999938, 0.0007743330000000714, 0.011250375000000035, 0.008187916999999878, 0.0012836249999996774, 0.0012321250000000283, 0.0008023329999997664, 0.0007791250000002137, 0.0007246670000000677, 0.006830833000000425, 0.00721583300000006, 0.024824458000000327, 0.006947292000000438, 0.00876983300000056, 0.009326084000000456, 0.00837524999999939, 0.00878566699999972, 0.00893483300000053, 0.008581666000000432, 0.010689708000000131, 0.008995415999999423, 0.009714624999999977, 0.009544417000000749, 0.008373666999999863, 0.00873120799999949, 0.00845516600000007, 0.008586000000000205, 0.008538291999999892, 0.008274708000000075, 0.008848125000000095, 0.008410666999999705, 0.008732832999999829, 0.007861499999999744, 0.008208917000000149, 0.008227417000000514, 0.008187000000000388, 0.00851424999999928, 0.008227041999999685, 0.00865766700000048, 0.0033729170000000863, 0.003694750000000191, 0.00065666600000025, 0.008393583000000149, 0.0006923749999998563, 0.008795292000000288, 0.009141291999999801, 0.008670249999999768, 0.0007326669999994095, 0.0006411249999995761, 0.0006767090000003861, 0.0007426659999989482, 0.0007082080000007096, 0.0007199999999993878, 0.0007288340000002336, 0.0010667499999996721, 0.008773791999999503, 0.008388500000000576, 0.008143875000000023, 0.008452166000001426, 0.0027807499999994434, 0.0015103749999987315, 0.0013794580000006107, 0.002702750000000975, 0.0028658329999995402, 0.0015739169999999802, 0.0014216669999989051, 0.0030638340000006536, 0.0033389590000005853, 0.007710333000000347, 0.007815209000000323, 0.007642249999999962, 0.007230333000000755, 0.006801541999999827, 0.007204833999999494, 0.001247041000000948, 0.0017459590000008518, 0.0013346250000001447, 0.0012035829999987868, 0.0013392499999991259, 0.0013441249999992522, 0.001672583000001282, 0.001578499999999039, 0.0014357080000007016, 0.0005715419999994253, 0.000535582999999562, 0.0005613330000002748, 0.0005561250000010176, 0.0005769999999998277, 0.0005649999999999267, 0.0006596670000007521, 0.0010551660000004404, 0.0029992080000003085, 0.002940792000000414], "test": [0.02315895899999998, 0.001106583999999966, 2.825642958, 0.08791062499999969, 0.002176958000000173, 0.0021558750000001403, 0.0012787919999999176, 0.0012181669999997702, 0.0011886249999997212, 0.0010550409999998678, 0.02340962500000021, 0.08179399999999948, 0.0009498749999998779, 0.07529325000000053, 0.023455166000000638, 0.0010272910000006519, 0.0009939169999997333, 0.10834804100000017, 0.11155637500000015, 0.05942649999999983, 0.046550208000000204, 0.047415667000000106, 0.06067129100000024, 0.06066637500000027, 0.05522508299999984, 0.05920208299999974, 0.07626250000000034, 0.15996791700000035, 0.16385370799999954, 0.15325341700000017, 0.15149487500000003, 0.040071875000000645, 0.04162054199999954, 0.041778875000000326, 0.04086054199999989, 0.11674725000000041, 0.09289287499999954, 0.03963687500000024, 0.09307387499999997, 0.039822916999999514, 0.09108641699999964, 0.04067837499999971, 0.041076665999999484, 0.039940415999999423, 0.04062804199999981, 0.0013318749999999824, 0.054662875, 0.0012765420000002692, 0.055736165999999976, 0.10769995799999954, 0.11371566600000005, 0.0015532080000006943, 0.001203084000000132, 0.0012634580000003837, 0.001375499999999974, 0.0013289580000002132, 0.0013140410000005431, 0.0013282910000000925, 0.0021049170000004835, 0.09367204199999968, 0.023962457999999742, 0.08625487499999984, 0.053966250000000215, 0.009347707999999955, 0.002556124999999909, 0.0026434169999998147, 0.008370916000000506, 0.00919487500000038, 0.0026559580000000693, 0.0026963339999994673, 0.009679999999999467, 0.013248791000000537, 0.10812066599999959, 0.09213066699999928, 0.09146387500000053, 0.0667653339999994, 0.07923150000000057, 0.08343216699999978, 0.003881541000000155, 0.002754208000000702, 0.0035167080000011453, 0.0021364999999988754, 0.0023108749999991574, 0.0023340419999993145, 0.0022228750000010677, 0.002129375000000877, 0.0020039580000013046, 0.0013878749999989282, 0.0012075830000011223, 0.000892165999999861, 0.0013133750000005051, 0.0009654159999996637, 0.0008687920000003402, 0.001005457999999848, 0.0010248750000005913, 0.000980792000000008, 0.0010009159999988526, 0.0010156249999990763, 0.0009920420000000263, 0.0009164170000008909, 0.0010545000000004023, 0.001167915999999991, 0.0011489999999998446, 0.0015464999999998952, 0.0009547919999999266, 0.0008239579999997915, 0.0008145000000006064, 0.0008703749999998678, 0.0007443750000000193, 0.0009235000000007432, 0.000903582999999486, 0.0008020000000001914, 0.0008809169999999256, 0.0008866249999996967, 0.07093529200000148, 0.10266425000000012],