{"problem_name": "zendo1", "system_id": ["magicpopper"], "system_name": "popper", "trial": 1, "solution": "zendo(A):- piece(A,B),contact(B,C),contact(C,B).", "total_exec_time": 2.098991458, "conf_matrix": [1000, 0, 999, 1], "extra_stats": {"log_best_programs": true, "num_literals": 0, "total_programs": 41, "total_rules": 0, "total_ground_rules": 0, "durations": {"generate": [0.0031739580000000323, 0.004361416999999923, 0.0018903330000000773, 0.0007218329999999495, 0.000792165999999983, 0.02551150000000002, 0.002082541000000049, 0.0016965409999999403, 0.0007809579999999983, 0.000768416000000105, 0.013658583000000002, 0.0005067910000000619, 0.0005373330000000287, 0.0026396250000000343, 0.0004959579999999075, 0.0005332080000000072, 0.0035724999999999785, 0.0006644170000000837, 0.0030303750000000296, 0.0016136660000001246, 0.0037575000000000802, 0.0008046250000000033, 0.0007985000000001463, 0.002058749999999998, 0.000833958000000079, 0.0013724999999999987, 0.0015254590000000068, 0.003090041000000099, 0.0020197920000000202, 0.0005981250000000049, 0.0006104170000000853, 0.000525874999999898, 0.0015796249999999734, 0.0006491669999999505, 0.0006444170000001748, 0.0005051660000001679, 0.001099583000000015, 0.0006924589999999231, 0.00110291699999987, 0.0005148329999999923, 0.05595895800000017, 0.5549983340000002], "find_bindings_prolog": [0.030252667000000066, 0.0007503749999999698, 0.0006870409999999438, 0.009361332999999972, 0.010046416000000002, 0.00591220800000003, 0.006696249999999959, 0.00197074999999991, 0.0017710410000000287, 0.0059649590000001584, 0.006255834000000071, 0.005946165999999975, 0.004951874999999939, 0.004945125000000106, 0.0005372079999999002, 0.0005592920000001556, 0.0005267499999999092, 0.010711625000000113, 0.0005661249999999729, 0.0005898340000001223, 0.0005809580000000203, 0.0005878339999998428, 0.010764291999999953, 0.0005697500000001465, 0.0006067499999999892, 0.004987458999999861, 0.005775875000000097, 0.0005313750000000006, 0.00047312499999985214, 0.004983583000000014, 0.005984124999999896, 0.0004967499999999347, 0.000597542000000173, 0.0005132499999997986, 0.0005229580000001288], "test": [0.10767954199999996, 0.0011836670000000549, 0.000997625000000002, 0.05628183299999989, 0.06059741699999999, 0.06328820899999998, 0.06847816600000001, 0.0057992499999999225, 0.004364374999999976, 0.05162375000000008, 0.001039166999999841, 0.04806720799999997, 0.04288483300000001, 0.0009729159999998238, 0.03576354199999998, 0.03513866700000001, 0.0010590409999999828, 0.0010007499999999947, 0.0008774170000001025, 0.0009793750000000045, 0.07510341599999992, 0.0011536670000000804, 0.0010704580000000519, 0.001050208000000108, 0.0010554160000000312, 0.09361641599999992, 0.0011747499999998912, 0.0009472080000001437, 0.05706033399999999, 0.04912866700000018, 0.0008954169999999539, 0.0007688750000001132, 0.055239499999999886, 0.04782479100000003, 0.0008402080000000645, 0.0015176669999998893, 0.0008134170000000385, 0.0008308749999998977, 0.0007430420000000826, 0.0008266249999999697, 0.001171582999999865], "combine": [0.00411054200000005, 4.1600000000308057e-07, 3.7500000005241674e-07, 0.002139916000000075, 0.0025319999999999787, 4.1699999997479864e-07, 4.999999999588667e-07, 0.0050012090000000065, 0.003389834000000036, 4.1600000000308057e-07, 3.7499999994139444e-07, 4.1600000000308057e-07, 3.7500000016343904e-07, 4.579999999254625e-07, 3.7499999994139444e-07, 0.0033954579999999623, 3.7499999994139444e-07, 3.7499999994139444e-07, 3.340000001017529e-07, 3.7499999994139444e-07, 4.1600000000308057e-07, 4.579999999254625e-07, 4.1699999986377634e-07, 3.7500000016343904e-07, 3.7499999994139444e-07, 4.1600000000308057e-07, 3.7499999994139444e-07, 4.1700000008582094e-07, 1.291000000014364e-06, 4.1700000008582094e-07, 3.7500000016343904e-07, 3.7500000016343904e-07, 4.1600000000308057e-07, 3.7500000016343904e-07, 3.340000001017529e-07, 4.1700000008582094e-07, 3.7499999994139444e-07, 3.7499999994139444e-07, 3.7500000016343904e-07, 3.7500000016343904e-07, 0.004717416999999946], "add_cons": [5.7666000000011763e-05, 4.44170000000188e-05, 4.362499999999159e-05, 2.75410000000198e-05, 3.216699999997186e-05, 5.320900000005402e-05, 5.079099999993897e-05, 5.4541999999990765e-05, 5.366699999997948e-05, 5.36250000000571e-05, 4.7250000000165215e-05, 5.3541999999850987e-05, 5.208299999992505e-05, 4.387500000002653e-05, 5.1583000000077206e-05, 3.420799999998003e-05, 4.691600000006346e-05, 5.487500000000978e-05, 4.983300000005464e-05, 5.3792000000107976e-05, 5.795799999996909e-05, 5.4417000000084315e-05, 5.425000000003344e-05, 5.379199999988593e-05, 5.537499999985762e-05, 3.516600000019743e-05, 5.524999999995117e-05, 5.049999999995336e-05, 8.949999999985359e-05, 5.354200000007303e-05, 4.808299999981003e-05, 4.795899999998632e-05, 5.437499999993989e-05, 5.5624999999892566e-05, 4.754200000012254e-05, 4.329200000019462e-05, 5.0249999999918415e-05, 4.9584000000102435e-05, 4.2916000000170484e-05, 4.075000000014484e-05, 4.662499999996683e-05], "constrain": [0.026272333999999953, 0.004538290999999917, 0.0015266659999999543, 0.008406625000000001, 0.0009407919999999681, 0.004424208999999957, 0.029982874999999964, 0.0040932089999999866, 0.0040580420000000395, 0.0041239170000000325, 0.00388641699999992, 0.0041722499999998774, 0.004085249999999929, 0.0036153750000000873, 0.00409570799999992, 0.0022022090000000105, 0.002159333000000041, 0.009563500000000058, 0.008983750000000068, 0.009515374999999882, 0.005744790999999916, 0.010457415999999942, 0.009598958999999851, 0.009546540999999964, 0.009710500000000177, 0.0030399580000000093, 0.009711832999999892, 0.008138790999999923, 0.005166041999999926, 0.004106917000000099, 0.004607416000000031, 0.004056708999999881, 0.004177834000000047, 0.004137457999999983, 0.004084041000000038, 0.006056209000000035, 0.008138666000000017, 0.008127333000000014, 0.003591957999999895, 0.0035439170000000075, 0.001203167000000116], "loop": [1.984068917]}, "final_exec_time": 2.098991458, "stages": [], "best_programs": [], "solution": {"code": "zendo(A):- piece(A,B),contact(B,C),contact(C,B).", "is_solution": true, "conf_matrix": [30, 0, 30, 0], "total_exec_time": 1.539656125, "durations": [{"operation": "Test", "called": 41, "total": 0.9809092899999997, "mean": 0.023924616829268285, "maximum": 0.10767954199999996, "__type__": "DurationSummary"}, {"operation": "Constrain", "called": 40, "total": 0.2663894159999992, "mean": 0.00665973539999998, "maximum": 0.029982874999999964, "__type__": "DurationSummary"}, {"operation": "Generate", "called": 41, "total": 0.149774786000001, "mean": 0.003653043560975634, "maximum": 0.05595895800000017, "__type__": "DurationSummary"}, {"operation": "Find_Bindings_Prolog", "called": 35, "total": 0.1469785, "mean": 0.004199385714285715, "maximum": 0.030252667000000066, "__type__": "DurationSummary"}, {"operation": "Combine", "called": 40, "total": 0.02058329000000092, "mean": 0.000514582250000023, "maximum": 0.0050012090000000065, "__type__": "DurationSummary"}, {"operation": "Add_Cons", "called": 40, "total": 0.001999333000000436, "mean": 4.9983325000010904e-05, "maximum": 8.949999999985359e-05, "__type__": "DurationSummary"}], "__type__": "ProgramStats"}, "is_solution": true, "stats_file": "./results/zendo1/magicpopper/1/stats.json", "end": true, "__type__": "Stats"}, "parameter": null, "__typ__": "ExperimentResult"}