{"log_best_programs": true, "num_literals": 0, "total_programs": 104, "total_rules": 0, "total_ground_rules": 0, "durations": {"generate": [0.004918542000000081, 0.0008904590000000656, 0.00781816599999996, 0.001961375000000043, 0.0007048330000000158, 0.0007182499999999203, 0.008000708000000079, 0.0008985000000000243, 0.0006207499999999477, 0.0005728329999999948, 0.0016523749999999282, 0.0007954580000000266, 0.004929333999999952, 0.0006924579999998404, 0.0021282910000000044, 0.0019020000000000703, 0.0011925839999999965, 0.0006837920000000164, 0.0007923340000000056, 0.0007953339999999809, 0.0054459580000001395, 0.0006664579999999809, 0.0013060000000000294, 0.001201457999999933, 0.0007682079999999925, 0.002100375000000154, 0.0020781249999999307, 0.0007106670000001092, 0.0027837499999998627, 0.002623166999999871, 0.1594923749999999, 0.0009522909999999385, 0.05380429200000014, 0.0058311670000001925, 0.21579754200000023, 0.0008473749999997615, 0.0008627500000000232, 0.0006957079999998506, 0.0006917909999999416, 0.0007104579999999139, 0.0012368750000000261, 0.002668125000000021, 0.0005177079999998391, 0.0009685829999996898, 0.001057958000000081, 0.000689957999999713, 0.0006971249999998541, 0.0006640410000002817, 0.0006614159999998037, 0.01249937499999998, 0.0007372079999998782, 0.0006239159999998911, 0.0007903329999998654, 0.0006137910000001412, 0.0007642919999999442, 0.0007494170000001965, 0.0014170000000000016, 0.000796083000000003, 0.000982207999999929, 0.0007788749999999567, 0.0007544169999995631, 0.000794040999999801, 0.0019036249999997423, 0.0006842919999998642, 0.0007195420000005726, 0.0006709999999996441, 0.0006189170000006072, 0.0006218329999994054, 0.0006155000000003241, 0.0006272080000000457, 0.0005869160000004925, 0.0009833339999998358, 0.0007087500000002578, 0.0019526250000003742, 0.000845542000000421, 0.0009127910000001904, 0.0007600419999995722, 0.002896042000000598, 0.000580000000000247, 0.001990332999999289, 0.0006936249999993649, 0.0007461669999999643, 0.0005857919999998629, 0.0009315420000000074, 0.0006529170000000306, 0.0006532080000001272, 0.0005714580000004688, 0.000631499999999896, 0.0006263329999995904, 0.0005314580000002067, 0.0006286669999999717, 0.0006017089999996728, 0.0006471250000004147, 0.0006353329999999602, 0.0005524999999995117, 0.0006306659999992803, 0.0006245839999996505, 0.007599750000000682, 0.0006277079999996715, 0.0006347499999996842, 0.000665624999999892, 0.0006184999999998553, 0.0006173750000000311, 0.0012775419999995208, 0.007643250000000101], "find_bindings_prolog": [0.018815833000000004, 0.0038357080000001043, 0.003891000000000089, 0.0037067909999999316, 0.0036948749999999864, 0.0036845830000000745, 0.0038265419999999883, 0.003399582999999984, 0.0033698329999999332, 0.003346999999999989, 0.003654959000000013, 0.003684707999999981, 0.003644457999999906, 0.0036752909999999694, 0.004784625000000098, 0.0036993750000000603, 0.0038046659999999566, 0.003686583000000132, 0.0036671669999999157, 0.0036908749999999824, 0.0036526659999998046, 0.0032838340000000965, 0.0037305840000001478, 0.0037030419999999342, 0.0036612920000000937, 0.003305416999999977, 0.003653833999999856, 0.0036981659999999472, 0.0036360409999998122, 0.0036515829999999028, 0.0037512079999999504, 0.0036660419999998695, 0.0038390409999999875, 0.0037249999999997563, 0.00395212499999964, 0.0038029579999996344, 0.0038236250000003302, 0.0037643329999998976, 0.003793416999999799, 0.003785584000000064, 0.0037453749999998287, 0.003334583000000002, 0.0033422920000001355, 0.0038612499999999272, 0.0037504579999998455, 0.0033599580000003293, 0.0037507909999998645, 0.0037349170000000598, 0.0038711669999997866, 0.0035765000000003155, 0.0037809999999995902, 0.00337554200000012, 0.003590333000000001, 0.003371875000000024, 0.0037644999999999484, 0.0035171659999999605, 0.003367083000000104, 0.004231457999999577, 0.0036434169999992605, 0.003787082999999747, 0.0034617500000004853, 0.0033671669999995046, 0.003756999999999344, 0.0037964169999993302, 0.00371791699999946, 0.003344625000000434, 0.003765916999999952, 0.0033677499999997806, 0.0037595000000001377, 0.00375066600000018, 0.0038325830000003336, 0.003761584000000262, 0.0037331659999999545, 0.003760208000000098, 0.0037247499999999434, 0.003690332999999768, 0.0038296249999998366, 0.003510750000000229, 0.0037113340000001216, 0.0037540409999996527, 0.003737667000000222, 0.0037159170000000685, 0.003658666999999838, 0.0034788749999998814, 0.003665208000000142, 0.003755374999999894, 0.0036790839999998326, 0.003703916000000085, 0.003718749999999993, 0.0033231250000005375, 0.003278082999999654, 0.003310667000000045, 0.0037362500000002186, 0.003709584000000099, 0.0033212499999999423, 0.0034844170000001284, 0.00375154199999983, 0.0037153750000005203, 0.0037144590000002253, 0.0037385840000006, 0.003324375000000046, 0.0036959169999999375, 0.0037027920000003434, 0.003349832999999691], "find_bindings_z3": [0.09749775000000005, 0.05564545800000009, 0.011767666999999982, 0.011631249999999982, 0.011770042000000092, 0.011540958999999962, 0.01263000000000003, 0.010817582999999908, 0.010534666999999942, 0.011515291000000039, 0.030230124999999997, 0.024100416000000013, 0.02949179199999985, 0.03073691700000003, 0.023082999999999965, 0.02371870800000009, 0.030157375000000153, 0.024182292000000105, 0.02956424999999996, 0.022442458, 0.030887166000000077, 0.023766667000000075, 0.02953862500000004, 0.13456825000000006, 0.028283124999999965, 0.024232250000000066, 0.02366658300000002, 0.02973833300000006, 0.028467291000000117, 0.13228299999999993, 0.14975845899999984, 0.0672432500000002, 0.04293974999999994, 0.16389054199999986, 0.05602962499999986, 0.06427354200000002, 0.05563341700000013, 0.05854337499999973, 0.06008679200000033, 0.05328266699999995, 0.054786749999999884, 0.045815209000000134, 0.045511750000000184, 0.03618975000000013, 0.03580545800000001, 0.03161333300000013, 0.03201433399999987, 0.03197337500000019, 0.03235608299999981, 0.05620045799999973, 0.0548099999999998, 0.05062212499999985, 0.051123124999999714, 0.0542598329999997, 0.058150207999999814, 0.051090917000000236, 0.056788416000000286, 0.05329624999999982, 0.05673254099999969, 0.05787895799999987, 0.05218100000000003, 0.05065595800000011, 0.05492400000000064, 0.047515500000000266, 0.054393583999999606, 0.06476595799999973, 0.06208150000000057, 0.05481750000000041, 0.040191666000000126, 0.05463658299999974, 0.06000237499999983, 0.040704125000000424, 0.06341291599999987, 0.055958874999999964, 0.2483186669999995, 0.051032166999999795, 0.05572583400000042, 0.04211483399999949, 0.04669349999999994, 0.09352424999999975, 0.03987841700000061, 0.11774820900000016, 0.03981829100000045, 0.16317137500000012, 0.042833791999999704, 0.03880770899999941, 0.0416660000000002, 0.03629112499999998, 0.09204979200000007, 0.19090520800000021, 0.04265541599999967, 0.038944874999999435, 0.041959083000000064, 0.038570749999999876, 0.039723041000000237, 0.0445146249999997, 0.038106707999999934, 0.035696624999999926, 0.03387216600000009, 0.03568508399999981, 0.03241687500000001, 0.03178920900000026, 0.03317395799999989, 0.1970117499999997],