{"log_best_programs": true, "num_literals": 0, "total_programs": 1, "total_rules": 0, "total_ground_rules": 0, "durations": {"generate": [0.0003569999999999962, 8.187500000000902e-05], "find_bindings_prolog": [0.025145500000000043], "test": [0.06632800000000005], "combine": [0.004105583000000079], "add_cons": [4.683400000005111e-05], "constrain": [0.0017824160000000644]}, "final_exec_time": 0.16402695899999997, "stages": [], "best_programs": [], "solution": {"code": "interval(96).\ninterval(84).\ninterval(72).\ninterval(91).\ninterval(83).\ninterval(77).\ninterval(71).\ninterval(97).\ninterval(75).\ninterval(94).\ninterval(73).\ninterval(81).\ninterval(95).\ninterval(80).\ninterval(86).\ninterval(93).\ninterval(79).\ninterval(76).", "is_solution": true, "conf_matrix": [18, 0, 29, 0], "total_exec_time": 0.15883791700000005, "durations": [{"operation": "Test", "called": 1, "total": 0.06632800000000005, "mean": 0.06632800000000005, "maximum": 0.06632800000000005, "__type__": "DurationSummary"}, {"operation": "Find_Bindings_Prolog", "called": 1, "total": 0.025145500000000043, "mean": 0.025145500000000043, "maximum": 0.025145500000000043, "__type__": "DurationSummary"}, {"operation": "Generate", "called": 1, "total": 0.0003569999999999962, "mean": 0.0003569999999999962, "maximum": 0.0003569999999999962, "__type__": "DurationSummary"}], "__type__": "ProgramStats"}, "is_solution": true, "stats_file": "./results/interval/magicpopper/3/stats.json", "end": true, "__type__": "Stats"}