{"problem_name": "halfplane", "system_id": ["numericalpopper"], "system_name": "popper", "trial": null, "solution": "halfplane(A,B):- leq(B,50),leq(A,0).", "total_exec_time": 1.060062209, "conf_matrix": [], "extra_stats": {"log_best_programs": true, "num_literals": 0, "total_programs": 34, "total_rules": 0, "total_ground_rules": 0, "durations": {"generate": [0.0003415000000000501, 0.0002662920000000013, 0.00029833299999992846, 0.0002942499999999404, 0.00027812500000001794, 0.00028649999999996734, 0.00028358299999997616, 0.0002770409999999224, 0.00027837499999994186, 0.00027408299999998054, 0.00026979199999999093, 0.00027095899999995954, 0.00029204100000002065, 0.0002678329999999951, 0.00026808300000003005, 0.00026762499999999356, 0.00026491699999997564, 0.00026412500000005945, 0.0002869580000000038, 0.00031325000000004266, 0.0003378339999999813, 0.0002873749999999786, 0.00028033299999996597, 0.0002814169999999505, 0.0002779170000000164, 0.00027633299999996197, 0.00026616700000003934, 0.00026520799999996125, 0.0002670419999999396, 0.0002754580000000617, 0.00033799999999994945, 0.00027887500000001175, 0.00028566699999998946, 0.0002963750000000154], "find_bindings_prolog": [0.011403209000000025, 0.0023641669999999726, 0.0024329169999999234, 0.0023629589999999423, 0.00225179200000003, 0.0022812500000000124, 0.0022579999999999822, 0.0022104589999999424, 0.002260082999999913, 0.0022416669999999472, 0.002238917000000007, 0.0022359170000000317, 0.002238249999999997, 0.0022312920000000513, 0.0022154580000000035, 0.0022212499999999524, 0.002205458000000049, 0.0021932499999999244, 0.002299791999999967, 0.0024129170000000144, 0.0025689159999999767, 0.0024078750000000593, 0.0024156250000000323, 0.0022723329999999597, 0.0023071249999999655, 0.0022801250000000772, 0.0022177089999999566, 0.0022039580000000614, 0.002222249999999981, 0.0022722499999999757, 0.002372041999999963, 0.002268625000000135, 0.0022272079999998695, 0.0022766659999999828], "find_bindings_z3": [0.078399416, 0.06201945799999997, 0.0074834160000000205, 0.00731499999999996, 0.007453040999999994, 0.007236249999999944, 0.007104499999999958, 0.00704537500000002, 0.007072707999999928, 0.0070226669999999825, 0.012929084000000035, 0.008415167000000001, 0.01286062500000007, 0.012460542000000019, 0.00828179200000001, 0.008260875000000056, 0.008221874999999934, 0.013374583000000051, 0.008439833000000063, 0.008538084000000001, 0.012841624999999968, 0.012625875000000009, 0.008729167000000038, 0.012191375000000004, 0.03737870799999998, 0.008495040999999981, 0.008119333999999978, 0.008247749999999998, 0.037410333999999934, 0.011150582999999936, 0.026535334000000077, 0.025967542000000066, 0.06457749999999995, 0.09477995799999994], "test": [0.10504845800000001, 0.06648979200000005, 0.010333417000000011, 0.010081250000000042, 0.010085375000000063, 0.009904166999999964, 0.009743791000000002, 0.009633500000000073, 0.009704457999999971, 0.009636625000000065, 0.015461667000000068, 0.01094870800000003, 0.01540583299999998, 0.014985332999999934, 0.010790417000000052, 0.010774416999999925, 0.010716959000000026, 0.015864208000000102, 0.011065207999999993, 0.011273874999999989, 0.015799416999999982, 0.015378917000000047, 0.011488916999999987, 0.014773874999999936, 0.04000575000000006, 0.01108087499999999, 0.010633582999999946, 0.010739417000000029, 0.03992962499999997, 0.01372691699999995, 0.029314167000000113, 0.02861183300000003, 0.06775845799999991, 0.09841770799999994], "combine": [0.0022596670000000207, 0.0028800839999999495, 6.250000000873612e-07, 4.999999999588667e-07, 4.579999999254625e-07, 4.579999999254625e-07, 4.580000000364848e-07, 4.1699999997479864e-07, 4.5900000000820285e-07, 4.580000000364848e-07, 4.1600000000308057e-07, 4.5900000000820285e-07, 4.1699999997479864e-07, 4.579999999254625e-07, 4.5900000000820285e-07, 4.5900000000820285e-07, 4.1600000000308057e-07, 4.580000000364848e-07, 4.999999999588667e-07, 4.1600000000308057e-07, 4.580000000364848e-07, 4.1600000000308057e-07, 4.579999999254625e-07, 5.419999999922709e-07, 4.999999999588667e-07, 4.1699999997479864e-07, 4.5900000000820285e-07, 4.999999999588667e-07, 4.1699999997479864e-07, 4.579999999254625e-07, 5.00000000069889e-07, 4.5900000000820285e-07, 0.003231541999999976, 0.002314833000000016], "constrain": [0.0013578340000000022, 0.000233542000000031, 0.0024901250000000097, 0.0005775409999999592, 0.0005894159999999538, 0.0005742089999999367, 0.000505957999999973, 0.0005105000000000803, 0.0005106670000000202, 0.0005049169999999936, 0.0007044590000000461, 0.0006411659999999708, 0.0005408750000001072, 0.00044924999999995663, 0.000684083000000002, 0.0005009160000000179, 0.00043925000000000214, 0.0004705839999999961, 0.0006095830000000246, 0.0005106670000000202, 0.0006617089999999548, 0.00045908299999997126, 0.00045995899999995427, 0.0006271250000000617, 0.0006260419999999378, 0.0004382090000000227, 0.0004318330000000481, 0.0004322089999999612, 0.00045170900000002234, 0.00044887500000001523, 0.0005071249999999417, 0.0005010830000000688, 0.0004964579999999774, 0.0004839159999998621]}, "final_exec_time": 1.060062209, "stages": [], "best_programs": [], "solution": {"code": "halfplane(A,B):- leq(B,50),leq(A,0).", "is_solution": true, "conf_matrix": [30, 0, 30, 0], "total_exec_time": 1.054423084, "durations": [{"operation": "Test", "called": 34, "total": 0.7856069170000002, "mean": 0.023106085794117652, "maximum": 0.10504845800000001, "__type__": "DurationSummary"}, {"operation": "Find_Bindings_Z3", "called": 34, "total": 0.6689844169999999, "mean": 0.01967601226470588, "maximum": 0.09477995799999994, "__type__": "DurationSummary"}, {"operation": "Find_Bindings_Prolog", "called": 34, "total": 0.08687171099999969, "mean": 0.0025550503235294026, "maximum": 0.011403209000000025, "__type__": "DurationSummary"}, {"operation": "Constrain", "called": 33, "total": 0.01994696100000004, "mean": 0.0006044533636363649, "maximum": 0.0024901250000000097, "__type__": "DurationSummary"}, {"operation": "Generate", "called": 34, "total": 0.00965766599999962, "mean": 0.00028404899999998886, "maximum": 0.0003415000000000501, "__type__": "DurationSummary"}, {"operation": "Combine", "called": 33, "total": 0.008385167999999665, "mean": 0.00025409599999998985, "maximum": 0.003231541999999976, "__type__": "DurationSummary"}], "__type__": "ProgramStats"}, "is_solution": true, "stats_file": "./results/halfplane/numericalpopper/stats.json", "end": true, "__type__": "Stats"}, "parameter": null, "__typ__": "ExperimentResult"}