{"log_best_programs": true, "num_literals": 0, "total_programs": 134, "total_rules": 0, "total_ground_rules": 0, "durations": {"generate": [0.31740641700000005, 0.0014486670000000146, 0.015977250000000054, 0.672372667, 0.0010234590000000043, 0.0008188329999998523, 0.11702833299999993, 0.007948749999999949, 0.027323667000000107, 0.03343200000000013, 0.006087667000000074, 0.019629832999999985, 0.0008818329999999985, 0.3796162080000003, 0.0007367920000000971, 0.0006859999999999644, 0.0006722500000000409, 0.2790228749999999, 0.0006412089999998649, 0.0010707920000001536, 0.0006299580000002081, 1.943040667, 0.0012090829999999997, 0.1690918330000004, 0.02938341599999994, 0.0007417080000005072, 0.0006077920000002734, 0.008128375000000077, 0.0071704999999999686, 0.31438524999999995, 0.0025941249999998917, 0.008835915999999777, 0.1931382080000006, 0.0005676250000004046, 0.0017692499999997224, 0.0013868329999997542, 0.0010318750000006816, 0.0009660829999997844, 1.3023707079999998, 0.004096666999999776, 0.29161554099999965, 0.0018975829999998695, 0.045066334000000374, 1.0234801669999998, 0.0005856249999993679, 0.02979554100000037, 0.02683787500000001, 0.6590718750000004, 0.0008214169999991583, 1.6379681250000004, 0.003673165999998673, 0.25264970799999986, 0.34080375000000096, 0.0005860000000001975, 3.1764164590000004, 0.002065959000001172, 0.0037442919999985946, 0.002106500000000011, 0.0008068330000003954, 0.0007888329999996557, 0.0009422499999995892, 0.0010104159999997364, 0.014006374999999238, 0.0007409580000015126, 0.0006681670000006079, 0.0047186250000006424, 0.027921667000001094, 0.006902874999999753, 0.0020848750000013183, 0.000878999999999408, 0.0008202920000002223, 0.004905624999999247, 0.0008009999999991635, 0.0007909159999996973, 0.0010433330000001462, 0.003390249999998929, 0.001748166000000495, 0.0014845420000000331, 0.0012666249999995216, 0.0010651670000001445, 0.001265041999999994, 0.004978165999999007, 0.0007089169999989764, 0.0007085000000000008, 0.0007281670000001128, 0.0036128330000000375, 0.0007141669999999323, 0.003427500000000805, 0.023318500000000242, 0.005376375000000877, 0.0007786670000005103, 0.0008482090000008213, 0.04593437499999986, 0.003468375000000634, 0.006280542000000722, 0.006225750000000474, 0.003179959000000565, 0.016140500000000557, 0.0008818339999994151, 0.004060125000000525, 0.0010074169999985116, 0.038073084000000534, 0.0011288750000009173, 0.02087299999999992, 0.01981950000000232, 0.0389659999999985, 0.0007834170000009522, 0.000791834000001046, 0.009771457999999456, 0.05968383300000113, 0.0039056669999979476, 0.000935457999997169, 0.0030577919999998926, 0.008985916000000316, 0.015815416000002358, 0.001445082999996572, 0.00210187500000103, 0.0015399590000022556, 0.0021327089999978455, 0.001185290999998756, 0.001722749999998996, 0.00508104200000048, 0.010249249999997545, 0.0015401250000017797, 0.0009609580000002893, 0.002302582999998748, 0.005634291999999874, 0.0008196669999982475, 0.0022935000000003924, 0.0008792500000005532, 0.04968170899999791, 0.004868416000000764, 0.004535291999999913, 0.11128983300000073], "test": [0.031864875000000015, 0.0009207909999999764, 0.0011662500000000353, 0.021776499999999865, 0.0037175420000001846, 0.014934041999999925, 0.0022642909999999183, 0.0010842089999998361, 0.0010853330000000216, 0.002103500000000036, 0.0016684169999998666, 0.01630145900000013, 0.01579495800000008, 0.12175829199999999, 0.13753187500000008, 0.12073670799999991, 0.03183825000000029, 0.0014535000000002185, 0.0028282499999998656, 0.0014326669999999986, 0.0013785830000001553, 0.001475250000000372, 0.00137337500000001, 0.010186707999999989, 0.009950457999999607, 0.0012626249999998507, 0.0018760000000002108, 0.0010712079999999347, 0.0103383749999999, 0.0019373329999998745, 0.001896957999999671, 0.0017370000000003216, 0.0009718330000003661, 0.0010531670000002435, 0.0010410409999996872, 0.0010166670000000266, 0.0008983750000002289, 0.0008262920000001728, 0.002962250000000388, 0.0025677499999998687, 0.005424957999999869, 0.006751709000000439, 0.0067129579999996025, 0.0011482080000000394, 0.001981666999999021, 0.0017282079999993982, 0.002008957999999339, 0.0011391659999997472, 0.0011019999999994923, 0.023779584000001464, 0.02496812499999912, 0.0012692080000000772, 0.0011097089999996257, 0.0025687500000000085, 0.0027526669999993203, 0.002040458999999828, 0.007090457999998634, 0.0024601250000007013, 0.002457375000000539, 0.0025242919999985958, 0.006013915999998787, 0.006485874999999197, 0.001893875000000378, 0.0010176659999991955, 0.001852541999999957, 0.0018582079999998058, 0.002354167000000018, 0.004538000000000153, 0.00517020900000098, 0.006687334000000433, 0.0042200000000001125, 0.0019579160000002815, 0.0018881670000006068, 0.0017560830000000749, 0.0016401249999997702, 0.0024294160000000176, 0.0019230000000014513, 0.0018043750000007464, 0.004250125000000438, 0.004115791000000257, 0.0041389999999985605, 0.001021166000001017, 0.0011109170000001, 0.0011993750000005576, 0.0012942500000008295, 0.0012326250000000982, 0.00120104199999993, 0.0009999169999996838, 0.0023555840000000217, 0.0022717080000003165, 0.0021244999999989744, 0.0021300840000009202, 0.0015101670000010614, 0.0013193339999997278, 0.0024023330000009224, 0.001317708000000195, 0.0013087499999997476, 0.0017871669999998119, 0.0017396660000006392, 0.0016894170000014697, 0.001880167000001265, 0.0013576670000006175, 0.0013639169999990486, 0.0026706250000003706, 0.0013073749999996664, 0.002266917000000035, 0.002296083000000948, 0.002241292000000783, 0.0031929169999997953, 0.0022800420000024246, 0.0011652080000033038, 0.0024602919999985318, 0.0019761669999986964, 0.0013138330000010967, 0.001040208999999237, 0.0011579170000004524, 0.0012003749999998092, 0.0010156669999972223, 0.001174917000000164, 0.0008892080000002522, 0.0009244170000002327, 0.002201625000001428, 0.0019207080000001042, 0.002427083000000607, 0.0010327910000000884, 0.00243841700000047, 0.00111504200000212, 0.0010177089999992006, 0.0010414589999996338, 0.0011625419999994335, 0.0011722919999996861, 0.0009370830000001718, 0.0011145419999998296, 0.006921666000000215],