{"log_best_programs": true, "num_literals": 0, "total_programs": 120, "total_rules": 0, "total_ground_rules": 0, "durations": {"generate": [0.022966166999999982, 0.004770834000000002, 0.07235987500000002, 0.0014219159999999675, 0.0016167500000000556, 0.009798499999999932, 0.005431583000000018, 0.00997762499999999, 0.00417329199999994, 0.001853457999999919, 0.0037192080000000294, 0.0023771670000000134, 0.0015801249999998213, 0.04745650000000001, 0.002789458000000078, 0.13943625000000015, 0.3289322920000002, 0.41331587500000033, 0.004932500000000228, 0.0007933750000002071, 0.0014102079999998018, 0.0008907090000001006, 0.0048859580000000236, 0.0014624999999997002, 0.0007990829999995341, 0.0008488749999999712, 0.0008737080000003061, 0.0067883749999992915, 0.0032862920000003015, 0.002655583000000128, 0.001058999999999699, 0.003016875000000141, 0.000663750000000185, 0.0006340840000005343, 0.0007147079999993977, 0.007488750000000266, 0.0007416670000006675, 0.0019567499999997295, 0.002838833000000207, 0.0009395000000003151, 0.0008636669999999569, 0.0008978749999997149, 0.0014567500000000067, 0.002036624999999681, 0.001004666000000043, 0.0009775839999992542, 0.0016259170000001433, 0.0009295419999997279, 0.0011907500000001292, 0.0009773329999998026, 0.0021186250000004847, 0.0010339169999999953, 0.002055916000000657, 0.00111687499999924, 0.0035613329999995003, 0.0009766250000007304, 0.002146167000000254, 0.0008862499999997553, 0.0034388750000005075, 0.0007905409999997559, 0.0008815840000000463, 0.0007914590000002164, 0.0027338749999996637, 0.001355665999999367, 0.0012897919999996788, 0.0007906670000004112, 0.000913457999999423, 0.0009862500000004104, 0.0013460419999997697, 0.0007746250000000288, 0.0037757499999999666, 0.0008782499999995252, 0.0008573329999999046, 0.0015868750000000986, 0.0008747500000003683, 0.0010993749999999025, 0.0008324169999998077, 0.0009644170000004948, 0.016153040999999924, 0.016822499999999962, 0.15677920799999967, 0.05556629199999996, 0.0027584159999998192, 0.19155737500000036, 0.12214770799999997, 0.5659910419999994, 0.001720583000000886, 0.002445916999999298, 0.0010167079999998663, 0.056985707999999136, 0.000883832999999612, 0.0069891669999986306, 0.0009200420000006204, 0.6250755419999994, 0.0009739999999993643, 0.0017836249999998444, 0.0019242080000001494, 0.4797438750000005, 0.0007872080000002057, 0.006098292000000782, 0.0009490410000001503, 0.7283074169999999, 0.0008409999999994255, 0.8937764999999995, 0.0015738750000000579, 0.0008122909999990213, 0.000902416999998934, 0.0020159580000012056, 0.0009313329999987019, 0.0007687920000005732, 0.000783332999999331, 0.0009493339999995243, 0.0007336249999987388, 0.0018943329999991931, 0.0007321250000007495, 0.0011714579999999586, 0.0007665000000010025, 0.0009957909999993575, 0.0007526670000004287, 0.0008313339999990177, 1.931161041000001], "find_bindings_prolog": [0.014732042, 0.0007436670000000034, 0.001254834000000038, 0.0012032909999999397, 0.0007820419999999828, 0.0008841670000000468, 0.004818792000000016, 0.004942749999999996, 0.005490459000000003, 0.006030915999999831, 0.0051095000000001, 0.005208915999999952, 0.0010161669999999567, 0.015687832999999873, 0.006256583000000315, 0.006561500000000109, 0.006399374999999985, 0.001267084000000196, 0.0059177080000001325, 0.005881084000000314, 0.00714091700000008, 0.0059813750000001775, 0.0012964159999997449, 0.006041749999999624, 0.0060463339999996535, 0.0007893329999992815, 0.0061647919999998635, 0.0008122499999991817, 0.006166499999999964, 0.006211458000000114, 0.006019874999999786, 0.0060494579999996745, 0.006035749999999673, 0.008060458000000104, 0.006043374999999962, 0.006082833000000676, 0.0059213749999997844, 0.006004583999999369, 0.005999124999999772, 0.0007068750000005508, 0.0007038340000002918, 0.0006617079999999831, 0.0008503329999998144, 0.0007109579999999838, 0.0008980840000001322, 0.0007089999999996266, 0.0006994589999997913, 0.0007150420000003876, 0.0007333339999995303, 0.0007930409999996613, 0.0014008329999999347, 0.000621624999999959, 0.0006962920000006534, 0.0008052080000000572, 0.0006500000000002615, 0.00590620899999994, 0.005626000000000353, 0.005566374999999901, 0.005829749999999301, 0.005786624999999823, 0.005544334000000539, 0.00586566700000013, 0.005842958999999759, 0.0012132080000002432, 0.0012994580000000866, 0.0014970829999993995, 0.001500416000000726, 0.0012259999999999494, 0.0009463329999999104, 0.0008443750000006744, 0.005556208000000673, 0.005015250000001359, 0.006584042000000068, 0.006570165999999489, 0.006528250000000568, 0.011331832999999847, 0.005327916999998905, 0.006127792000000909, 0.006384209000000141, 0.006255707999999416, 0.005907500000001065, 0.006294708000000426, 0.005476208000001037, 0.005196707999999717, 0.0011820419999999388, 0.0012132080000011314, 0.0011949159999993242, 0.0011207500000001147], "test": [0.015184874999999987, 0.0010322910000000185, 0.018112040999999968, 0.004061416000000095, 0.0033464579999999966, 0.0012940419999999397, 0.0013910410000000928, 0.0008189170000000301, 0.06627904200000001, 0.05752708300000009, 0.000903500000000057, 1.619520083, 0.06400537500000025, 0.06690283300000033, 0.015852999999999895, 0.0015637919999997862, 0.001036458999999823, 0.0011655419999998529, 0.088863833, 0.07794995900000012, 0.0829870829999999, 0.08003966699999987, 0.008908499999999986, 0.02220849999999963, 0.02267512500000013, 0.023991499999999277, 0.02226941600000032, 0.0009364579999999734, 0.0009284999999996657, 0.0009626249999996617, 0.0007895830000004267, 0.0008544590000001406, 0.0007946670000000822, 0.000726916999999716, 0.0012027909999998698, 0.0013232079999996316, 0.001163166999999632, 0.009313749999999565, 0.0275129999999999, 0.02788891700000029, 0.0014372500000003896, 0.046749541000000505, 0.0014741669999995821, 0.01646225000000001, 0.028170874999999818, 0.03298766600000036, 0.03357729200000037, 0.03500437500000064, 0.038208167000000515, 0.026994624999999495, 0.2128410839999999, 0.2152020419999996, 0.19941554199999967, 0.19439475000000073, 0.0012263749999998907, 0.0012444170000005528, 0.001135667000000673, 0.0046002500000001945, 0.001355667000000338, 0.004592999999999847, 0.0013480420000000493, 0.0012980000000002434, 0.0014079169999998697, 0.0013774580000003311, 0.0016397079999999065, 0.00527691699999977, 0.0010979170000000593, 0.0012049579999997562, 0.0041486659999998565, 0.0011203340000003337, 0.26970837500000044, 0.02373925000000021, 0.1357721249999999, 0.13997312500000003, 0.02430491699999937, 0.1742662080000006, 0.0235172919999993, 0.023566125000000326, 0.003477041000000014, 0.004398625000000322, 0.0020992920000004744, 0.0020602080000005074, 0.0017689580000004312, 0.0013057090000003768, 0.0011795830000007612, 0.0845641670000008, 0.07212258300000052, 0.11805220799999994, 0.12933675000000022, 0.08248224999999998, 0.12073504099999965, 0.06162391700000036, 0.09841104200000039, 0.06759795800000035, 0.045627791999999445, 0.0634274579999996, 0.042919707999999446, 0.6238331250000009, 0.27535187500000013, 0.017728625000000164, 0.019886959000000815, 0.015432083000000318, 0.012704082999999144, 0.0016089170000004316, 0.0009864999999997792, 0.0008828330000003604, 0.0009573749999987058, 0.0009738749999996799, 0.0008385000000004084, 0.0008307920000003577, 0.0008918749999988762, 0.0010944590000008247, 0.0009155419999995473, 0.0011909169999988478, 0.0011408750000008183, 0.0009776670000007925, 0.0009771250000003562, 0.0009367499999992646, 0.0008574170000006376, 0.001219582999999247],