{"log_best_programs": true, "num_literals": 0, "total_programs": 1, "total_rules": 0, "total_ground_rules": 0, "durations": {"generate": [0.00036841700000000976, 1.599999999996049e-05], "find_bindings_prolog": [0.021637249999999997], "test": [0.04973062499999997], "combine": [0.0035560829999999877], "add_cons": [4.324999999999468e-05], "constrain": [0.0012025830000000348]}, "final_exec_time": 0.116796167, "stages": [], "best_programs": [], "solution": {"code": "interval(85).\ninterval(82).\ninterval(71).\ninterval(79).\ninterval(97).\ninterval(86).\ninterval(78).\ninterval(87).\ninterval(93).\ninterval(92).\ninterval(74).\ninterval(94).\ninterval(88).\ninterval(73).\ninterval(89).\ninterval(81).", "is_solution": true, "conf_matrix": [16, 0, 26, 0], "total_exec_time": 0.11357770899999997, "durations": [{"operation": "Test", "called": 1, "total": 0.04973062499999997, "mean": 0.04973062499999997, "maximum": 0.04973062499999997, "__type__": "DurationSummary"}, {"operation": "Find_Bindings_Prolog", "called": 1, "total": 0.021637249999999997, "mean": 0.021637249999999997, "maximum": 0.021637249999999997, "__type__": "DurationSummary"}, {"operation": "Generate", "called": 1, "total": 0.00036841700000000976, "mean": 0.00036841700000000976, "maximum": 0.00036841700000000976, "__type__": "DurationSummary"}], "__type__": "ProgramStats"}, "is_solution": true, "stats_file": "./results/interval/magicpopper/7/stats.json", "end": true, "__type__": "Stats"}