{"log_best_programs": true, "num_literals": 0, "total_programs": 116, "total_rules": 0, "total_ground_rules": 0, "durations": {"generate": [0.04687654199999991, 0.005058999999999925, 0.031102917000000008, 0.001374333999999866, 0.006814625000000074, 0.002151167000000065, 0.011341625000000022, 0.0010477910000004087, 0.0020309579999997496, 0.38750154100000067, 0.046129374999999584, 0.006297165999999521, 0.024885333000000287, 0.020603542000000807, 0.016300292000000383, 0.03881208299999983, 0.21292233400000082, 0.5063688339999999, 0.0014764579999999583, 0.007650082999999697, 0.0010650000000005377, 0.0077179169999999075, 0.0014067909999999628, 0.0012587079999999418, 0.0009587500000005633, 0.001181209000000294, 0.000942583999999691, 0.0014946249999994166, 0.0008423749999995067, 0.0012927080000002533, 0.0007764169999999737, 0.004067291999999334, 0.0009548749999996886, 0.001198416999999452, 0.0008000419999998343, 0.004825666999999534, 0.001042916999999477, 0.001050916999999707, 0.0010254590000000618, 0.0022923329999997577, 0.002006666999999851, 0.0011217920000001769, 0.0015695410000002852, 0.0070868329999997925, 0.0009212920000010172, 0.0008629999999989479, 0.0037361669999995684, 0.0008307079999987366, 0.001184083000000058, 0.0008373339999998564, 0.0011592920000005336, 0.01101454199999985, 0.009166332999999582, 0.004426916999999975, 0.02686183299999989, 0.0060565000000014635, 0.0008065409999993278, 0.0007970000000003807, 0.0007225000000001813, 0.0025956249999996572, 0.001933457999999888, 0.001166208000000779, 0.0050765410000011, 0.005629541999999432, 0.0007412090000009641, 0.0007170409999996963, 0.0030145830000005702, 0.0015127499999998406, 0.0007664160000011577, 0.0015229169999990688, 0.0009240419999994032, 0.001136959000000104, 0.04418541699999956, 0.000688500000000758, 0.0010855000000002946, 0.0007753340000000719, 0.14760070800000058, 0.0007822500000003174, 0.0008239579999997915, 0.0007097920000003199, 0.012976083999999943, 0.0016689579999997761, 0.003179791999999182, 0.0008304999999992901, 0.0008313749999988573, 0.05877720899999872, 0.0011354580000002557, 0.0015202910000002845, 0.0009244999999999948, 0.0125355840000001, 0.019076417000000845, 0.0008432500000008503, 0.005084250000001234, 0.0010248750000005913, 0.030770125000000093, 0.0010057499999991393, 0.008990749999998826, 0.0006860839999998092, 0.032921542000000414, 0.004016041999999942, 0.12734104099999932, 0.01706904100000095, 0.0007691659999995437, 0.06601004200000027, 0.002567000000000874, 0.001073542000000316, 0.0010875840000004189, 0.015063041999999527, 0.0032800410000000113, 0.0011380830000007336, 0.0009713750000006627, 0.0009382920000007289, 0.0027350419999994102, 0.000993375000000185, 0.006577874999999622, 0.005368708999998972, 1.1278201660000011], "find_bindings_prolog": [0.02625383300000006, 0.000880709000000035, 0.013190291999999992, 0.008932750000000045, 0.0012652079999999621, 0.0008706670000000472, 0.0008747500000003683, 0.0008404580000007655, 0.0007419999999997984, 0.0073741670000000425, 0.007414291999999989, 0.017741333000000026, 0.007569958999999571, 0.0008307090000005957, 0.0007625829999993172, 0.0036076669999998145, 0.0036687090000002698, 0.009395332999999617, 0.009213291000000012, 0.009767124999999766, 0.012022583000000253, 0.009478291999999833, 0.00881037500000037, 0.009378875000000342, 0.009902792000000105, 0.009254250000000575, 0.009325207999999918, 0.00931458299999921, 0.009180040999999584, 0.008973457999999823, 0.009339750000000535, 0.00890816599999944, 0.008937999999999668, 0.008939999999999948, 0.008953958000000206, 0.009018959000000493, 0.008306999999999398, 0.009230791000000238, 0.009126292000000369, 0.008758665999999415, 0.009002291999999912, 0.00875312500000014, 0.008489124999998765, 0.009089042000001157, 0.008950625000000656, 0.009140958000001476, 0.0102978750000009, 0.0006868329999996092, 0.0006627500000000452, 0.0006576660000003898, 0.0005946249999997377, 0.0006604999999986205, 0.0006332079999999962, 0.0005801250000008196, 0.0005751669999991549, 0.000598875000001442, 0.000654166999998651, 0.0007104590000004407, 0.000576417000001328, 0.0005731250000007293, 0.0005974159999997397, 0.000560583000000392, 0.0006296670000001114, 0.008779999999999788, 0.008985541999999569, 0.009358624999999066, 0.008800457999999622, 0.0013899160000008237, 0.0013019590000009629, 0.002641957999999889, 0.0031129589999991936, 0.0027030420000002664, 0.007476583000000758, 0.008556167000000059, 0.007556582999999506, 0.007982750000000038, 0.0010721670000002348, 0.007816000000000045, 0.008087375000000563, 0.007926166000000734, 0.0077095410000005415, 0.0011077920000008845, 0.001264624999999242, 0.001137625000000142, 0.0009216249999983717, 0.0009295409999996451, 0.001258875000001325, 0.00206087499999974, 0.0027630409999996886, 0.000848374999998569, 0.002915665999999817, 0.00393987500000037, 0.0028818749999999227], "test": [0.026790250000000015, 0.0011742089999999816, 3.1602819999999996, 0.10365729199999985, 0.0021640839999998995, 0.0011744590000000166, 0.0014027919999994864, 0.001390917000000158, 0.0012063749999997597, 0.0011037499999995148, 0.06347841600000059, 0.024895125000000462, 0.0767380830000004, 0.0010382919999996076, 0.023248750000000484, 0.0010537499999996314, 0.001067500000000443, 0.0015709160000003664, 0.0014012499999997985, 0.038358791999999475, 0.03873520899999949, 0.050333833000000716, 0.0782082079999995, 0.06301916600000013, 0.0821655830000001, 0.16858329100000002, 0.20308733300000004, 0.11152616599999998, 0.11860820900000046, 0.11040845799999932, 0.12275087500000037, 0.04348033400000073, 0.04310749999999963, 0.04315808299999979, 0.04390808299999982, 0.05479791599999917, 0.060521374999999544, 0.054785708999999905, 0.060342417000000204, 0.15748354200000048, 0.061822957999999595, 0.06219037500000013, 0.1989976250000005, 0.27386166600000017, 0.18134874999999973, 0.04241929199999994, 0.04144762499999999, 0.13051237500000035, 0.04380541599999965, 0.09787066600000038, 0.04415691700000046, 0.0010596249999998975, 0.000854375000001184, 0.0009857499999998964, 0.0010422079999994338, 0.0013044579999998973, 0.001281416000001201, 0.0012637079999997525, 0.0011659999999995563, 0.0012495000000001255, 0.0011153339999996348, 0.0010640420000012085, 0.0008610419999985908, 0.0011679999999998358, 0.0012117080000013658, 0.0012577500000006125, 0.0011878749999993943, 0.0010321250000000504, 0.0010393340000014462, 0.0010759589999995711, 0.0010090840000014367, 0.0011008330000006339, 0.001010166999998674, 0.0007444589999998641, 0.000934708000000839, 0.0007983749999986856, 0.10525799999999919, 0.055955917000000355, 0.09743787500000067, 0.05361404199999953, 0.002620708000000249, 0.002277125000000879, 0.008437624999999116, 0.011222416000000734, 0.008476791999999733, 0.0878362500000005, 0.12252958400000047, 0.09372499999999917, 0.10248891700000051, 0.001423332999999971, 0.07199737500000047, 0.09502583300000111, 0.07832808400000069, 0.1071284170000002, 0.0029570000000003205, 0.0022062090000005696, 0.003349916999999536, 0.0012506659999989012, 0.0012636669999999128, 0.0022807500000006087, 0.006153124999999093, 0.008486500000000063, 0.0013914160000005893, 0.0010646249999997082, 0.0008865419999999347, 0.0017423749999991855, 0.001191584000000745, 0.0011010830000000027, 0.10874312500000016, 0.0012532910000011555, 0.0009860419999991876, 0.09295441699999962, 0.0009677080000010108, 0.0011460420000002358, 0.0011407080000012115, 0.11886533400000054],