{"log_best_programs": true, "num_literals": 0, "total_programs": 1, "total_rules": 0, "total_ground_rules": 0, "durations": {"generate": [0.0004106670000000312, 3.070799999999041e-05], "find_bindings_prolog": [0.014791332999999962], "find_bindings_z3": [0.04914466700000003], "test": [0.08777537499999999], "combine": [0.004328125000000016], "add_cons": [3.63749999999774e-05], "constrain": [0.0013257919999999923]}, "final_exec_time": 0.13165329200000003, "stages": [], "best_programs": [], "solution": {"code": "interval(A):- geq(A,72).", "is_solution": true, "conf_matrix": [18, 0, 28, 0], "total_exec_time": 0.12753691700000003, "durations": [{"operation": "Test", "called": 1, "total": 0.08777537499999999, "mean": 0.08777537499999999, "maximum": 0.08777537499999999, "__type__": "DurationSummary"}, {"operation": "Find_Bindings_Z3", "called": 1, "total": 0.04914466700000003, "mean": 0.04914466700000003, "maximum": 0.04914466700000003, "__type__": "DurationSummary"}, {"operation": "Find_Bindings_Prolog", "called": 1, "total": 0.014791332999999962, "mean": 0.014791332999999962, "maximum": 0.014791332999999962, "__type__": "DurationSummary"}, {"operation": "Generate", "called": 1, "total": 0.0004106670000000312, "mean": 0.0004106670000000312, "maximum": 0.0004106670000000312, "__type__": "DurationSummary"}], "__type__": "ProgramStats"}, "is_solution": true, "stats_file": "./results/interval/numsynth/9/stats.json", "end": true, "__type__": "Stats"}