{"problem_name": "zendo1", "system_id": ["magicpopper"], "system_name": "popper", "trial": 2, "solution": "zendo(A):- piece(A,C),contact(C,B),contact(B,C).", "total_exec_time": 4.693664667, "conf_matrix": [1000, 0, 1000, 0], "extra_stats": {"log_best_programs": true, "num_literals": 0, "total_programs": 51, "total_rules": 0, "total_ground_rules": 0, "durations": {"generate": [0.0033919999999999506, 0.006272625000000032, 0.002549540999999933, 0.0016593750000000185, 0.0012744169999999722, 0.04861629199999995, 0.0016464579999999618, 0.0020219999999999683, 0.0012366249999999912, 0.0013710419999999335, 0.0014339159999998685, 0.010878374999999885, 0.0032037499999999497, 0.001321375000000069, 0.0014815420000000579, 0.0012726250000001382, 0.01817308299999998, 0.005960084000000032, 0.0016022499999999162, 0.0028610829999999865, 0.001197707999999853, 0.0013765420000000361, 0.005914542000000189, 0.0012061249999999468, 0.001507499999999773, 0.0013043750000001353, 0.0021931670000001624, 0.0011353330000001272, 0.0014342090000001306, 0.0172109159999998, 0.005178749999999788, 0.0009126250000002223, 0.0011161249999998013, 0.0009196249999998685, 0.12299666699999978, 0.0033828750000002294, 0.0012734589999996437, 0.03928370900000022, 0.0011503749999999258, 0.006298167000000188, 0.3204574170000001, 0.0010169160000002009, 0.001158208000000105, 0.000965374999999824, 0.0010492500000003346, 0.0009583329999998114, 0.0011790829999998031, 0.0011382090000000566, 0.0011489159999999998, 0.0011346660000000064, 0.35262954199999985, 0.8755224579999998], "find_bindings_prolog": [0.04084808400000006, 0.001227167000000029, 0.000987583000000014, 0.013943041999999961, 0.01639158399999996, 0.0008412089999998429, 0.01986529199999998, 0.020688583000000094, 0.02161091599999998, 0.017971584000000096, 0.000763750000000174, 0.011277415999999985, 0.0030660829999999972, 0.0028403329999999727, 0.009822459000000006, 0.01002908300000005, 0.0009010839999998854, 0.0009348750000000017, 0.0008384999999999643, 0.01774141600000001, 0.0009769159999999388, 0.0009076249999999675, 0.01841258400000001, 0.0008707910000000929, 0.0008662500000000684, 0.0009821670000000893, 0.0008857499999996854, 0.0007962500000000539, 0.0008282080000001635, 0.015582374999999704, 0.0201852920000003, 0.020466708999999916, 0.0011008340000002725, 0.0012516670000000119, 0.0011402920000000982, 0.009781124999999946, 0.010246500000000047, 0.010043875000000035, 0.0007535829999998356, 0.00882408400000001, 0.008813665999999998, 0.019472584000000293, 0.009673625000000019, 0.009724959000000144, 0.000870040999999766], "test": [0.16170837500000002, 0.0017471249999999605, 0.001361374999999998, 0.07792491599999996, 0.09443954200000004, 0.0014884170000000196, 0.11717229099999993, 0.12584825, 0.12062962499999985, 0.10558445800000005, 0.001335249999999899, 0.07102795900000003, 0.007061792000000011, 0.005861166999999945, 0.06242191600000013, 0.06403679200000001, 0.0016962499999999547, 0.001346041000000131, 0.001513375000000039, 0.10319729199999972, 0.0018598750000000663, 0.0015857499999998304, 0.11232795899999992, 0.0017512919999997933, 0.00154620800000016, 0.001741290999999645, 0.0012909160000003084, 0.0011946250000001157, 0.0012339999999997353, 0.0016829159999995902, 0.001264959000000232, 0.0011049160000000668, 0.0012356250000000735, 0.0011607080000000103, 0.08855691700000001, 0.11213870900000034, 0.10806212500000001, 0.0020065830000000062, 0.001991708999999897, 0.002018207999999966, 0.054586374999999965, 0.057895209000000225, 0.05481895799999981, 0.0012275420000000814, 0.0566478749999999, 0.05590754199999992, 0.06827170800000015, 0.05702116699999982, 0.05396537499999976, 0.0013997080000001105, 0.0030909579999995884], "combine": [0.00906141699999996, 6.249999999763389e-07, 6.249999999763389e-07, 0.0034984580000000376, 0.007232000000000016, 7.07999999960407e-07, 7.500000001048335e-07, 7.499999998827889e-07, 7.500000001048335e-07, 7.90999999944475e-07, 6.250000001983835e-07, 7.500000001048335e-07, 0.007856124999999992, 0.005096749999999872, 7.07999999960407e-07, 7.07999999960407e-07, 7.07999999960407e-07, 6.669999998987208e-07, 6.670000001207654e-07, 0.005104124999999904, 6.250000001983835e-07, 6.249999997542943e-07, 0.005602291999999842, 6.670000001207654e-07, 6.660000000380251e-07, 7.499999998827889e-07, 6.250000001983835e-07, 6.670000001207654e-07, 6.250000001983835e-07, 7.919999998051708e-07, 7.07999999960407e-07, 6.669999996766762e-07, 6.660000000380251e-07, 6.250000001983835e-07, 6.669999996766762e-07, 7.080000004044962e-07, 6.670000001207654e-07, 7.080000004044962e-07, 7.090000000431473e-07, 7.499999998827889e-07, 7.499999998827889e-07, 6.670000001207654e-07, 7.07999999960407e-07, 6.660000000380251e-07, 7.07999999960407e-07, 7.07999999960407e-07, 6.670000001207654e-07, 7.07999999960407e-07, 7.090000000431473e-07, 7.090000000431473e-07, 0.011927958000000238], "add_cons": [0.00010758300000002219, 7.816599999999063e-05, 7.524999999997117e-05, 4.84170000000228e-05, 4.850000000000687e-05, 9.004099999998516e-05, 8.987500000001702e-05, 9.137500000000465e-05, 7.7874999999894e-05, 5.749999999982158e-05, 8.533299999990973e-05, 8.95830000000597e-05, 9.091700000007918e-05, 9.524999999999118e-05, 9.083400000009512e-05, 8.954199999999801e-05, 9.95839999999859e-05, 8.962499999998208e-05, 9.666699999999473e-05, 6.24590000000147e-05, 9.783300000032469e-05, 9.708299999999781e-05, 7.21659999998181e-05, 0.00010083299999985584, 9.708400000008055e-05, 0.00011183300000006113, 8.958299999983765e-05, 9.033300000016453e-05, 9.079099999986795e-05, 9.308299999988279e-05, 7.733299999967969e-05, 7.45000000001994e-05, 7.712500000023326e-05, 7.683400000013663e-05, 9.891700000030923e-05, 0.00010170800000031122, 0.0001000840000000558, 9.583300000004513e-05, 0.00010283399999977405, 0.00010387499999975347, 9.233400000008274e-05, 8.058399999999466e-05, 5.30419999997811e-05, 8.679199999983567e-05, 9.141700000014907e-05, 5.287500000017431e-05, 8.841699999972974e-05, 7.754199999965294e-05, 8.775000000005306e-05, 9.629199999983129e-05, 0.00022937499999997613], "constrain": [0.03220687500000008, 0.00762050000000003, 0.0026262919999999745, 0.015203290999999952, 0.0016445409999999994, 0.007307457999999878, 0.013296041000000036, 0.01325437500000004, 0.012325125000000048, 0.0026990410000000686, 0.007253583000000008, 0.053410125000000086, 0.007220959000000082, 0.00727174999999991, 0.007261124999999868, 0.007277583000000032, 0.01714608300000009, 0.015969542000000114, 0.016856750000000087, 0.00537674999999993, 0.018420583000000157, 0.017327041999999793, 0.006056708000000022, 0.01699841599999985, 0.017728500000000036, 0.017462458000000236, 0.014490208000000226, 0.015834708000000308, 0.014603040999999983, 0.004395457999999852, 0.006763084000000141, 0.006343457999999913, 0.006808582999999757, 0.006334958000000057, 0.005033416999999929, 0.008245958000000275, 0.009060750000000173, 0.005709916999999898, 0.008844916999999786, 0.005743333000000295, 0.007718791999999919, 0.010852583000000138, 0.00394400000000017, 0.00830770900000033, 0.0074129580000001916, 0.004091041999999767, 0.008274291000000211, 0.011753624999999879, 0.007780750000000225, 0.007704792000000182, 0.004373916999999672], "loop": [4.5473047499999995]}, "final_exec_time": 4.693664667, "stages": [], "best_programs": [], "solution": {"code": "zendo(A):- piece(A,C),contact(C,B),contact(B,C).", "is_solution": true, "conf_matrix": [30, 0, 30, 0], "total_exec_time": 3.806370708, "durations": [{"operation": "Test", "called": 51, "total": 2.037989915999999, "mean": 0.03996058658823527, "maximum": 0.16170837500000002, "__type__": "DurationSummary"}, {"operation": "Generate", "called": 51, "total": 1.0180571669999994, "mean": 0.019961905235294106, "maximum": 0.35262954199999985, "__type__": "DurationSummary"}, {"operation": "Constrain", "called": 50, "total": 0.543273828000002, "mean": 0.01086547656000004, "maximum": 0.053410125000000086, "__type__": "DurationSummary"}, {"operation": "Find_Bindings_Prolog", "called": 45,