{"log_best_programs": true, "num_literals": 0, "total_programs": 2, "total_rules": 0, "total_ground_rules": 0, "durations": {"generate": [0.00014145900000001044, 9.120799999995377e-05], "find_bindings_prolog": [0.010721333, 0.0002867500000000023], "test": [0.010959916999999986, 0.00045629099999999756], "combine": [5.829999999984459e-07, 4.589999999526917e-07], "constrain": [0.0015559159999999905, 0.0001663330000000185]}, "final_exec_time": 0.057916040999999974, "stages": [], "best_programs": [], "solution": null, "is_solution": false, "stats_file": "./results/interval/numericalpopper/stats.json", "end": true, "__type__": "Stats"}