{"log_best_programs": true, "num_literals": 0, "total_programs": 71, "total_rules": 0, "total_ground_rules": 0, "durations": {"generate": [0.30830270800000004, 0.0015360420000000152, 0.014588124999999952, 0.658010167, 0.001043915999999978, 0.0008462090000000977, 0.109823958, 0.006719458999999928, 0.014016457999999954, 0.02611533399999999, 0.004501832999999955, 0.01308937500000007, 0.0008362920000000162, 0.4633404160000001, 0.001052333000000072, 0.3159656660000003, 0.0009670840000000069, 0.570186208, 0.0007153340000001229, 0.0006979170000001034, 0.0006703329999999674, 1.3808964579999996, 0.0013897499999995233, 0.016760417000000416, 0.0011485000000002188, 0.013152416999999694, 1.7214113329999998, 0.0009350420000000526, 0.000816583000000648, 0.0007584170000001222, 0.0024076669999999467, 0.0010521670000001038, 0.0007089579999997042, 1.0963559580000002, 0.0006304159999999115, 0.0007222920000007349, 0.9026767919999994, 0.0005987080000000589, 0.0006882500000013891, 0.0007207499999992706, 0.000655749999999955, 1.0177105419999997, 0.0005592499999984568, 0.015858874999999273, 0.1280540840000004, 0.000602625000000856, 0.4797283339999989, 0.3622694580000001, 0.0005750839999993929, 0.2250870840000001, 4.01285725, 0.0008403329999993048, 0.0012831660000003353, 0.0008595830000004412, 0.049293249999999844, 0.0013897089999996837, 0.0013151249999996395, 0.0010664159999986822, 0.00465924999999956, 0.0027121250000003982, 0.0007943329999999804, 0.001309457999999708, 0.01151025000000061, 0.0009194580000002617, 0.004806583000000586, 0.0008620829999994584, 0.0007870839999988277, 0.003580459000000147, 0.0008411670000008087, 0.000772333000000458, 0.007014458000000445], "test": [0.02923020799999998, 0.0008757919999999864, 0.000963166999999987, 0.012157709000000017, 0.0019300829999999713, 0.01182149999999993, 0.0021098749999999278, 0.0010916670000000739, 0.001055417000000114, 0.0009843750000000373, 0.0020530830000000666, 0.005846375000000181, 0.012053958999999947, 0.15720299999999998, 0.02721449999999992, 0.15287258300000017, 0.20553737500000002, 0.001572541999999899, 0.0020226249999999446, 0.0013497920000000718, 0.0012526250000002292, 0.0029551250000006135, 0.002729666999999658, 0.008192292000000378, 0.007640499999999939, 0.002888375000000387, 0.004131458999999893, 0.003987792000000212, 0.0034521670000007276, 0.0037196659999993997, 0.004237332999999843, 0.003378249999999916, 0.003348083000000557, 0.0009862079999987117, 0.0008239579999997915, 0.0009642090000010484, 0.0010498750000014212, 0.0011007499999990955, 0.0011022500000006374, 0.0009513329999997211, 0.0010627089999992734, 0.001226083999998906, 0.0013180830000010246, 0.001169999999998339, 0.0011503340000000861, 0.0014953750000010757, 0.0011591250000009268, 0.0012456249999992508, 0.0018983749999996746, 0.003239124999998566, 0.0016614169999993322, 0.0015962500000004098, 0.0016219169999995842, 0.001574832999999387, 0.001304415999999975, 0.0011577089999992296, 0.0011334170000001365, 0.0012302919999989115, 0.0015372080000002342, 0.001580958999999993, 0.001433666999998806, 0.0016398750000004014, 0.0012335829999994274, 0.0015620830000013797, 0.0010881670000006949, 0.0010729170000001176, 0.0011370410000015596, 0.0010267079999994877, 0.0010186670000003062, 0.001209958000000455, 0.00806400000000096], "combine": [4.999999999588667e-07, 3.7500000005241674e-07, 3.7500000005241674e-07, 0.00363525000000009, 4.580000001475071e-07, 4.1700000008582094e-07, 4.5900000000820285e-07, 4.1700000008582094e-07, 3.7499999994139444e-07, 4.1700000008582094e-07, 3.7500000016343904e-07, 4.1700000008582094e-07, 3.7499999994139444e-07, 0.0047129160000003445, 5.419999999922709e-07, 4.580000001475071e-07, 4.580000001475071e-07, 4.580000001475071e-07, 3.7499999994139444e-07, 3.7499999994139444e-07, 3.7499999994139444e-07, 4.5799999970341787e-07, 4.5900000067433666e-07, 0.0020778749999994517, 4.5900000067433666e-07, 4.1699999986377634e-07, 4.1599999978103597e-07, 5.000000005139782e-07, 3.292000000598705e-06, 4.5899999978615824e-07, 4.160000006692144e-07, 4.1599999978103597e-07, 3.7499999994139444e-07, 4.1700000075195476e-07, 4.160000006692144e-07, 3.74999999053216e-07, 5.000000005139782e-07, 2.1666000000308827e-05, 4.580000005915963e-07, 3.7500000082957285e-07, 3.7500000082957285e-07, 3.7500000082957285e-07, 3.7500000082957285e-07, 3.7500000082957285e-07, 4.580000005915963e-07, 4.169999989755979e-07, 4.5799999881523945e-07, 4.580000005915963e-07, 4.1700000075195476e-07, 1.3750000000811724e-06, 5.000000005139782e-07, 4.589999988979798e-07, 4.580000005915963e-07, 4.5900000067433666e-07, 4.580000005915963e-07, 5.000000005139782e-07, 3.74999999053216e-07, 4.5799999881523945e-07, 4.169999989755979e-07, 4.160000006692144e-07, 4.1700000075195476e-07, 4.580000005915963e-07, 4.580000005915963e-07, 4.169999989755979e-07, 3.7500000082957285e-07, 3.74999999053216e-07, 3.74999999053216e-07, 4.169999989755979e-07, 3.7500000082957285e-07, 5.84000000358742e-07], "add_cons": [6.362500000001159e-05, 4.44170000000188e-05, 4.3499999999974115e-05, 6.416699999989284e-05, 3.541600000001033e-05, 6.112499999999521e-05, 3.337499999989113e-05, 5.754199999996601e-05, 5.312499999998721e-05, 5.304200000000314e-05, 3.220900000000526e-05, 5.6625000000032344e-05, 5.63749999999974e-05, 6.712500000016774e-05, 4.9624999999942077e-05, 5.0333999999985224e-05, 5.15839999999379e-05, 5.295800000038042e-05, 5.625000000009095e-05, 5.445900000022874e-05, 5.495800000021589e-05, 7.091699999950407e-05, 7.00000000000145e-05, 4.70420000002747e-05, 4.1792000000207e-05, 7.041699999987827e-05, 6.266699999990522e-05, 7.5499999999451e-05, 0.00011941700000051014, 6.379200000061758e-05, 6.075000000027586e-05, 6.045800000009649e-05, 6.387499999949142e-05, 5.641600000139135e-05, 5.308300000095301e-05, 5.649999999945976e-05, 6.216699999939124e-05, 8.887499999943316e-05, 6.27500000014436e-05, 5.7458000000565335e-05, 5.529200000076173e-05, 5.687500000028933e-05, 6.12909999997413e-05, 5.5375000000523755e-05, 5.995799999958251e-05, 0.000141124999998965, 5.679200000052731e-05, 5.720799999942017e-05, 0.0001534589999998559, 0.00024287499999964268, 0.00013099999999965917, 7.258299999968187e-05, 7.170900000019742e-05, 7.758299999949259e-05, 7.387500000000102e-05, 7.208300000094425e-05, 7.237500000023545e-05, 7.241700000015783e-05, 7.279199999921104e-05, 7.383300000007864e-05, 7.191600000133747e-05, 7.316700000004062e-05, 7.154100000050789e-05, 7.116699999976106e-05, 6.370799999899646e-05, 6.366699999915681e-05, 6.062499999970328e-05, 6.174999999863928e-05, 6.308300000057443e-05, 6.404199999998639e-05],