{"problem_name": "interval", "system_id": ["numsynth"], "system_name": "popper", "trial": 1, "solution": "interval(A):- geq(A,71).", "total_exec_time": 0.17370691700000007, "conf_matrix": [], "extra_stats": {"log_best_programs": true, "num_literals": 0, "total_programs": 1, "total_rules": 0, "total_ground_rules": 0, "durations": {"generate": [0.0006564999999999488, 3.2125000000049475e-05], "find_bindings_prolog": [0.026380084000000026], "find_bindings_z3": [0.059545957999999954], "test": [0.11042912499999996], "combine": [0.0028217499999999562], "add_cons": [3.566600000004527e-05], "constrain": [0.0012436660000000321]}, "final_exec_time": 0.17370691700000007, "stages": [], "best_programs": [], "solution": {"code": "interval(A):- geq(A,71).", "is_solution": true, "conf_matrix": [17, 0, 24, 0], "total_exec_time": 0.17032425000000007, "durations": [{"operation": "Test", "called": 1, "total": 0.11042912499999996, "mean": 0.11042912499999996, "maximum": 0.11042912499999996, "__type__": "DurationSummary"}, {"operation": "Find_Bindings_Z3", "called": 1, "total": 0.059545957999999954, "mean": 0.059545957999999954, "maximum": 0.059545957999999954, "__type__": "DurationSummary"}, {"operation": "Find_Bindings_Prolog", "called": 1, "total": 0.026380084000000026, "mean": 0.026380084000000026, "maximum": 0.026380084000000026, "__type__": "DurationSummary"}, {"operation": "Generate", "called": 1, "total": 0.0006564999999999488, "mean": 0.0006564999999999488, "maximum": 0.0006564999999999488, "__type__": "DurationSummary"}], "__type__": "ProgramStats"}, "is_solution": true, "stats_file": "./results/interval/numsynth/1/stats.json", "end": true, "__type__": "Stats"}, "parameter": null, "__typ__": "ExperimentResult"}