{"problem_name": "zendo1", "system_id": ["numericalpopper"], "system_name": "popper", "trial": 3, "solution": "zendo(A):- piece(A,B),contact(B,C),contact(C,B).", "total_exec_time": 5.039105, "conf_matrix": [1000, 0, 945, 55], "extra_stats": {"log_best_programs": true, "num_literals": 0, "total_programs": 11, "total_rules": 0, "total_ground_rules": 0, "durations": {"generate": [0.044552584000000006, 0.005046749999999989, 0.026496916000000037, 0.0010780829999998964, 0.006304582999999919, 0.0012900829999997754, 0.027251208000000027, 0.0013244169999997446, 0.005643415999999846, 0.44132899999999964, 0.005057834000000039, 1.3246463749999995], "find_bindings_prolog": [0.01366604199999999, 0.000773958000000019, 0.009344499999999978, 0.00855074999999994, 0.003080208000000084, 0.0024064589999999164, 0.0008232910000001148, 0.0009679590000000182, 0.0008968329999996527], "test": [0.014105040999999985, 0.0010466670000000011, 2.772172542, 0.09816374999999988, 0.006319041000000247, 0.004691665999999817, 0.0012934580000001361, 0.0014777920000001998, 0.001415582999999998, 0.0016044580000000863, 0.0012283329999998038], "combine": [5.000000000143778e-07, 4.580000000364848e-07, 0.005474707999999939, 5.419999999922709e-07, 0.005532375000000034, 0.0031994580000000994, 4.1699999986377634e-07, 4.580000001475071e-07, 5.00000000069889e-07, 5.00000000069889e-07, 0.004687500000000178], "add_cons": [6.091600000002195e-05, 5.091599999995644e-05, 4.391600000008822e-05, 4.212500000022601e-05, 7.0458000000162e-05, 6.883399999990658e-05, 6.44999999996898e-05, 6.908300000008083e-05, 7.358299999982165e-05, 8.654200000002277e-05, 5.991600000010422e-05], "constrain": [0.007232584000000042, 0.0018924580000000413, 0.01738200000000001, 0.005351458000000253, 0.010896000000000239, 0.005107167000000246, 0.008766458999999838, 0.006385000000000307, 0.0036757910000000393, 0.004433040999999971, 0.0015769579999997951], "find_bindings_z3": [2.726555792, 0.08866287499999981], "loop": [4.886799624999999]}, "final_exec_time": 5.039105, "stages": [], "best_programs": [], "solution": {"code": "zendo(A):- piece(A,B),contact(B,C),contact(C,B).", "is_solution": true, "conf_matrix": [30, 0, 30, 0], "total_exec_time": 3.7093925, "durations": [{"operation": "Test", "called": 11, "total": 2.903518331, "mean": 0.2639562119090909, "maximum": 2.772172542, "__type__": "DurationSummary"}, {"operation": "Find_Bindings_Z3", "called": 2, "total": 2.815218667, "mean": 1.4076093335, "maximum": 2.726555792, "__type__": "DurationSummary"}, {"operation": "Generate", "called": 11, "total": 0.5653748739999989, "mean": 0.05139771581818171, "maximum": 0.44132899999999964, "__type__": "DurationSummary"}, {"operation": "Constrain", "called": 10, "total": 0.07112195800000098, "mean": 0.007112195800000098, "maximum": 0.01738200000000001, "__type__": "DurationSummary"}, {"operation": "Find_Bindings_Prolog", "called": 9, "total": 0.04050999999999971, "mean": 0.004501111111111079, "maximum": 0.01366604199999999, "__type__": "DurationSummary"}, {"operation": "Combine", "called": 10, "total": 0.014209916000000267, "mean": 0.0014209916000000266, "maximum": 0.005532375000000034, "__type__": "DurationSummary"}, {"operation": "Add_Cons", "called": 10, "total": 0.0006308729999999763, "mean": 6.308729999999762e-05, "maximum": 8.654200000002277e-05, "__type__": "DurationSummary"}], "__type__": "ProgramStats"}, "is_solution": true, "stats_file": "./results/zendo1/numericalpopper/3/stats.json", "end": true, "__type__": "Stats"}, "parameter": null, "__typ__": "ExperimentResult"}